-- MySQL dump 10.13  Distrib 8.0.23, for Linux (x86_64)
--
-- Host: localhost    Database: vk
-- ------------------------------------------------------
-- Server version	8.0.23

/*!40101 SET @OLD_CHARACTER_SET_CLIENT=@@CHARACTER_SET_CLIENT */;
/*!40101 SET @OLD_CHARACTER_SET_RESULTS=@@CHARACTER_SET_RESULTS */;
/*!40101 SET @OLD_COLLATION_CONNECTION=@@COLLATION_CONNECTION */;
/*!50503 SET NAMES utf8mb4 */;
/*!40103 SET @OLD_TIME_ZONE=@@TIME_ZONE */;
/*!40103 SET TIME_ZONE='+00:00' */;
/*!40014 SET @OLD_UNIQUE_CHECKS=@@UNIQUE_CHECKS, UNIQUE_CHECKS=0 */;
/*!40014 SET @OLD_FOREIGN_KEY_CHECKS=@@FOREIGN_KEY_CHECKS, FOREIGN_KEY_CHECKS=0 */;
/*!40101 SET @OLD_SQL_MODE=@@SQL_MODE, SQL_MODE='NO_AUTO_VALUE_ON_ZERO' */;
/*!40111 SET @OLD_SQL_NOTES=@@SQL_NOTES, SQL_NOTES=0 */;

--
-- Table structure for table `communities`
--

DROP TABLE IF EXISTS `communities`;
/*!40101 SET @saved_cs_client     = @@character_set_client */;
/*!50503 SET character_set_client = utf8mb4 */;
CREATE TABLE `communities` (
  `id` bigint unsigned NOT NULL AUTO_INCREMENT,
  `name` varchar(20) DEFAULT NULL,
  `admin_user_id` bigint unsigned NOT NULL,
  UNIQUE KEY `id` (`id`),
  KEY `communities_name_idx` (`name`),
  KEY `admin_user_id` (`admin_user_id`),
  CONSTRAINT `communities_ibfk_1` FOREIGN KEY (`admin_user_id`) REFERENCES `users` (`id`)
) ENGINE=InnoDB AUTO_INCREMENT=441 DEFAULT CHARSET=utf8mb4 COLLATE=utf8mb4_0900_ai_ci;
/*!40101 SET character_set_client = @saved_cs_client */;

--
-- Dumping data for table `communities`
--

LOCK TABLES `communities` WRITE;
/*!40000 ALTER TABLE `communities` DISABLE KEYS */;
INSERT INTO `communities` VALUES (221,'ratione',196),(223,'veniam',259),(228,'et',185),(229,'sint',295),(230,'veritatis',315),(231,'fugit',239),(232,'repellendus',301),(234,'mollitia',235),(235,'temporibus',345),(236,'dignissimos',279),(237,'nesciunt',275),(242,'tempore',276),(244,'ut',230),(246,'aut',294),(248,'nisi',181),(250,'velit',232),(251,'tempora',222),(256,'omnis',323),(257,'iusto',242),(258,'odio',282),(259,'officiis',184),(262,'unde',208),(263,'ipsa',298),(264,'aut',342),(266,'laborum',207),(267,'quaerat',187),(274,'repudiandae',359),(278,'non',216),(279,'at',350),(281,'delectus',289),(283,'repudiandae',330),(285,'officia',224),(287,'quos',357),(288,'accusantium',309),(289,'laborum',226),(290,'itaque',307),(291,'commodi',340),(294,'qui',274),(295,'sapiente',331),(296,'illo',325),(297,'ut',238),(298,'iure',255),(300,'blanditiis',338),(304,'iste',356),(305,'porro',273),(307,'corporis',322),(308,'quas',251),(309,'laborum',256),(311,'harum',320),(314,'vero',252),(316,'optio',269),(317,'consectetur',314),(320,'cumque',188),(321,'doloremque',212),(322,'autem',195),(323,'libero',278),(326,'ea',204),(329,'et',260),(330,'quis',313),(331,'voluptate',234),(334,'ea',240),(336,'excepturi',339),(337,'expedita',358),(339,'sed',244),(340,'quia',190),(341,'id',200),(346,'facilis',280),(347,'sequi',220),(349,'id',297),(350,'possimus',261),(354,'eveniet',215),(356,'nobis',248),(357,'id',328),(358,'optio',271),(361,'suscipit',353),(369,'nam',285),(372,'adipisci',206),(373,'itaque',250),(375,'quisquam',284),(380,'aut',199),(388,'dolores',205),(389,'omnis',227),(390,'repellendus',189),(393,'nulla',291),(396,'officiis',310),(399,'laborum',351),(400,'veniam',198),(401,'ut',219),(405,'reprehenderit',288),(409,'debitis',283),(410,'asperiores',243),(411,'aut',308),(414,'voluptates',265),(416,'perferendis',317),(417,'soluta',354),(418,'facere',237),(422,'consequuntur',201),(425,'velit',191),(426,'commodi',272),(428,'aperiam',183),(429,'velit',210),(431,'quam',203),(435,'aut',268),(436,'quos',267),(437,'est',312),(439,'eos',334),(440,'ut',245);
/*!40000 ALTER TABLE `communities` ENABLE KEYS */;
UNLOCK TABLES;

--
-- Table structure for table `friend_requests`
--

DROP TABLE IF EXISTS `friend_requests`;
/*!40101 SET @saved_cs_client     = @@character_set_client */;
/*!50503 SET character_set_client = utf8mb4 */;
CREATE TABLE `friend_requests` (
  `initiator_user_id` bigint unsigned NOT NULL,
  `target_user_id` bigint unsigned NOT NULL,
  `status` enum('requested','approved','declined','unfriended') CHARACTER SET utf8mb4 COLLATE utf8mb4_unicode_ci DEFAULT NULL,
  `requested_at` datetime DEFAULT CURRENT_TIMESTAMP,
  `updated_at` datetime DEFAULT NULL ON UPDATE CURRENT_TIMESTAMP,
  PRIMARY KEY (`initiator_user_id`,`target_user_id`),
  KEY `target_user_id` (`target_user_id`),
  CONSTRAINT `friend_requests_ibfk_1` FOREIGN KEY (`initiator_user_id`) REFERENCES `users` (`id`),
  CONSTRAINT `friend_requests_ibfk_2` FOREIGN KEY (`target_user_id`) REFERENCES `users` (`id`),
  CONSTRAINT `CONSTRAINT_1` CHECK ((`initiator_user_id` <> `target_user_id`))
) ENGINE=InnoDB DEFAULT CHARSET=utf8mb4 COLLATE=utf8mb4_unicode_ci;
/*!40101 SET character_set_client = @saved_cs_client */;

--
-- Dumping data for table `friend_requests`
--

LOCK TABLES `friend_requests` WRITE;
/*!40000 ALTER TABLE `friend_requests` DISABLE KEYS */;
INSERT INTO `friend_requests` VALUES (190,325,'unfriended','1971-05-26 14:39:16','2013-04-15 10:31:43'),(196,234,'requested','1973-03-17 19:17:59','2013-03-09 04:32:33'),(200,204,'requested','2010-02-16 18:27:58','1985-04-22 19:48:00'),(201,222,'approved','1990-08-01 03:27:02','2002-07-30 07:02:36'),(212,312,'unfriended','1982-11-04 10:19:29','2017-03-23 22:53:02'),(224,273,'unfriended','1988-01-23 23:09:41','1989-06-17 20:55:14'),(230,207,'approved','1978-10-05 23:54:09','2014-05-05 22:46:46'),(235,227,'declined','1984-06-24 03:36:36','1976-06-10 01:49:37'),(242,278,'unfriended','2014-07-27 15:48:00','1991-07-22 21:11:34'),(243,322,'requested','1988-02-10 05:12:46','2017-09-04 20:20:39'),(244,269,'approved','2002-07-19 20:20:29','1997-02-07 20:42:21'),(255,328,'unfriended','2018-07-25 14:16:58','1997-03-27 01:07:20'),(259,256,'declined','1988-03-21 21:20:09','1972-04-20 09:21:22'),(261,251,'declined','1982-04-12 06:08:18','1981-07-12 01:08:45'),(272,315,'approved','1986-12-15 04:54:00','2004-10-09 11:08:19'),(280,187,'requested','1980-08-01 02:23:42','1989-11-08 13:51:08'),(283,294,'unfriended','2017-05-31 15:27:57','1978-06-24 07:47:14'),(285,334,'unfriended','2006-03-25 07:05:51','1975-04-04 00:07:31'),(289,240,'declined','1981-06-26 09:35:03','1978-02-13 23:18:07'),(297,195,'approved','1972-11-25 19:02:17','2013-05-11 10:20:54'),(308,320,'declined','1980-08-29 19:28:24','1987-12-01 08:34:51'),(314,210,'requested','1991-08-26 06:37:37','1983-02-01 17:10:24'),(323,260,'unfriended','2007-01-17 23:20:15','2004-11-13 15:52:11'),(331,208,'approved','1986-10-16 16:17:33','2005-07-09 04:06:12'),(338,276,'requested','2004-10-24 19:04:40','2015-06-11 15:37:52'),(345,232,'declined','1991-01-21 01:43:06','2008-02-03 05:28:34'),(350,185,'approved','1996-10-10 18:31:17','1986-11-17 03:32:03'),(353,215,'unfriended','1971-09-12 10:27:39','1980-07-27 11:01:55');
/*!40000 ALTER TABLE `friend_requests` ENABLE KEYS */;
UNLOCK TABLES;

--
-- Table structure for table `likes`
--

DROP TABLE IF EXISTS `likes`;
/*!40101 SET @saved_cs_client     = @@character_set_client */;
/*!50503 SET character_set_client = utf8mb4 */;
CREATE TABLE `likes` (
  `id` bigint unsigned NOT NULL AUTO_INCREMENT,
  `user_id` bigint unsigned NOT NULL,
  `media_id` bigint unsigned NOT NULL,
  `created_at` datetime DEFAULT CURRENT_TIMESTAMP,
  UNIQUE KEY `id` (`id`),
  KEY `user_id` (`user_id`),
  KEY `media_id` (`media_id`),
  CONSTRAINT `likes_ibfk_1` FOREIGN KEY (`user_id`) REFERENCES `users` (`id`),
  CONSTRAINT `likes_ibfk_2` FOREIGN KEY (`media_id`) REFERENCES `media` (`id`)
) ENGINE=InnoDB AUTO_INCREMENT=109 DEFAULT CHARSET=utf8mb4 COLLATE=utf8mb4_unicode_ci;
/*!40101 SET character_set_client = @saved_cs_client */;

--
-- Dumping data for table `likes`
--

LOCK TABLES `likes` WRITE;
/*!40000 ALTER TABLE `likes` DISABLE KEYS */;
INSERT INTO `likes` VALUES (1,181,1,'2001-03-15 19:24:33'),(2,183,2,'1986-04-17 15:55:17'),(3,184,3,'2007-02-02 05:50:29'),(4,185,4,'1993-05-17 00:41:41'),(5,187,5,'1974-11-15 20:10:31'),(6,188,6,'1996-07-10 10:00:35'),(7,189,7,'2013-01-28 17:13:15'),(8,190,8,'1972-10-21 20:54:43'),(9,191,9,'1983-08-09 19:27:21'),(10,195,10,'2018-01-07 02:53:02'),(11,196,11,'1991-01-31 01:18:17'),(12,198,12,'1974-10-13 22:48:46'),(13,199,13,'2020-09-01 06:28:12'),(14,200,14,'1975-07-05 08:35:08'),(15,201,15,'2007-03-07 05:58:18'),(16,203,16,'1993-09-16 21:39:23'),(17,204,17,'2017-12-18 01:55:36'),(18,205,18,'1970-12-29 20:27:56'),(19,206,19,'2002-06-30 19:48:57'),(20,207,20,'1984-07-18 08:42:49'),(21,208,21,'2004-08-16 22:43:32'),(22,210,22,'1992-06-27 14:25:16'),(23,212,23,'1993-10-06 12:09:50'),(24,215,24,'2011-06-20 03:08:31'),(25,216,25,'2004-12-01 16:27:03'),(26,219,26,'1993-03-20 17:09:05'),(27,220,27,'1971-09-04 18:10:09'),(28,222,28,'2016-12-06 18:27:37'),(29,224,29,'2010-07-29 21:09:16'),(30,226,30,'1999-01-26 00:22:29'),(31,227,31,'1996-08-20 08:36:59'),(32,230,32,'1987-02-21 12:09:20'),(33,232,33,'2016-08-21 06:28:42'),(34,234,34,'1974-05-22 09:12:37'),(35,235,35,'1986-04-07 03:59:49'),(36,237,36,'2013-04-11 21:17:00'),(37,238,37,'2012-09-19 15:40:11'),(38,239,38,'2003-10-27 07:30:03'),(39,240,39,'2002-07-19 18:17:21'),(40,242,40,'1978-02-11 20:30:33'),(41,243,41,'1988-11-06 08:57:11'),(42,244,42,'1972-03-29 15:03:43'),(43,245,43,'2008-08-22 22:19:57'),(44,248,44,'1997-05-21 15:57:02'),(45,250,45,'1982-10-12 09:58:05'),(46,251,46,'2002-06-13 04:10:01'),(47,252,47,'2011-02-04 02:00:12'),(48,255,48,'1979-07-21 15:17:22'),(49,256,49,'1996-08-27 23:52:04'),(50,259,50,'2018-01-16 23:52:03'),(51,260,51,'2000-04-19 23:49:55'),(52,261,52,'1996-01-05 19:03:18'),(53,265,53,'1992-07-16 23:27:18'),(54,267,54,'2005-08-19 01:40:31'),(55,268,55,'1999-06-30 07:00:42'),(56,269,56,'1980-03-30 14:56:56'),(57,271,57,'2001-11-05 15:53:59'),(58,272,58,'1995-08-17 02:49:45'),(59,273,59,'1985-05-04 22:39:37'),(60,274,60,'1983-11-24 15:52:32'),(61,275,61,'2011-09-26 20:36:09'),(62,276,62,'1998-06-20 12:17:10'),(63,278,63,'2003-03-17 05:49:12'),(64,279,64,'1971-09-07 11:41:03'),(65,280,65,'2004-04-15 09:49:03'),(66,282,66,'1980-11-26 17:51:53'),(67,283,67,'1992-07-25 07:18:37'),(68,284,68,'2010-10-30 22:30:42'),(69,285,69,'2008-05-22 15:48:02'),(70,288,70,'1988-06-20 21:02:37'),(71,289,71,'1977-04-20 13:42:57'),(72,291,72,'2020-04-11 21:16:34'),(73,294,73,'1976-10-31 20:14:15'),(74,295,74,'2013-05-03 22:20:42'),(75,297,75,'2013-08-16 18:50:41'),(76,298,76,'1970-12-01 16:41:11'),(77,301,77,'2001-10-02 19:43:13'),(78,303,78,'2000-01-27 12:37:34'),(79,307,79,'2015-06-07 23:35:13'),(80,308,80,'2003-03-25 05:36:57'),(81,309,81,'1989-03-29 18:07:32'),(82,310,82,'1978-12-19 06:00:08'),(83,312,83,'1994-01-08 17:47:29'),(84,313,84,'2002-02-02 02:04:26'),(85,314,85,'2006-12-01 13:43:09'),(86,315,86,'1993-01-20 04:47:00'),(87,317,87,'1980-11-18 11:59:08'),(88,320,88,'1977-11-15 14:53:19'),(89,322,89,'1994-04-27 02:24:01'),(90,323,90,'2014-06-26 09:35:47'),(91,325,91,'2010-01-11 23:30:41'),(92,328,92,'2018-01-06 03:32:52'),(93,330,93,'1977-01-12 14:12:26'),(94,331,94,'2020-12-04 06:00:33'),(95,334,95,'1977-10-11 18:42:12'),(96,338,96,'1994-08-07 12:05:41'),(97,339,97,'2021-02-05 19:25:22'),(98,340,98,'2016-08-28 21:09:21'),(99,342,99,'1974-03-25 01:12:33'),(100,345,100,'2015-11-19 16:19:00'),(101,350,101,'2007-07-26 22:41:59'),(102,351,102,'2011-11-27 23:03:37'),(103,353,103,'2012-12-01 09:08:24'),(104,354,104,'1989-03-19 15:08:33'),(105,356,105,'1990-01-20 07:57:16'),(106,357,106,'1972-05-02 03:54:17'),(107,358,107,'1971-02-21 05:09:49'),(108,359,108,'1985-11-20 12:01:54');
/*!40000 ALTER TABLE `likes` ENABLE KEYS */;
UNLOCK TABLES;

--
-- Table structure for table `media`
--

DROP TABLE IF EXISTS `media`;
/*!40101 SET @saved_cs_client     = @@character_set_client */;
/*!50503 SET character_set_client = utf8mb4 */;
CREATE TABLE `media` (
  `id` bigint unsigned NOT NULL AUTO_INCREMENT,
  `media_type_id` bigint unsigned NOT NULL,
  `user_id` bigint unsigned NOT NULL,
  `body` text,
  `filename` varchar(255) DEFAULT NULL,
  `size` int DEFAULT NULL,
  `metadata` json DEFAULT NULL,
  `created_at` datetime DEFAULT CURRENT_TIMESTAMP,
  `updated_at` datetime DEFAULT NULL ON UPDATE CURRENT_TIMESTAMP,
  UNIQUE KEY `id` (`id`),
  KEY `user_id` (`user_id`),
  KEY `media_type_id` (`media_type_id`),
  CONSTRAINT `media_ibfk_1` FOREIGN KEY (`user_id`) REFERENCES `users` (`id`),
  CONSTRAINT `media_ibfk_2` FOREIGN KEY (`media_type_id`) REFERENCES `media_types` (`id`)
) ENGINE=InnoDB AUTO_INCREMENT=109 DEFAULT CHARSET=utf8mb4 COLLATE=utf8mb4_0900_ai_ci;
/*!40101 SET character_set_client = @saved_cs_client */;

--
-- Dumping data for table `media`
--

LOCK TABLES `media` WRITE;
/*!40000 ALTER TABLE `media` DISABLE KEYS */;
INSERT INTO `media` VALUES (1,1,181,'Et eos minima libero qui omnis nobis. Sit impedit expedita consequatur accusamus vero. Labore quas voluptatem libero quia natus voluptatem. Sunt et asperiores et velit dicta nulla.','quas',42,NULL,'2016-10-22 03:47:19','2007-07-06 17:47:20'),(2,2,183,'Accusamus accusamus deleniti ea fugiat molestiae. Eos eos laudantium quae voluptatum autem. Delectus ipsa et nemo. Quia rem rem molestiae.','qui',858,NULL,'1989-09-17 23:59:03','2003-12-23 08:10:58'),(3,3,184,'Magnam sunt amet sint ut consequatur vel. Nihil illum dicta magnam occaecati est. Vel qui sed veniam maxime. Voluptatem expedita eveniet voluptatum non.','neque',263502,NULL,'2000-11-03 19:27:19','1984-11-01 07:46:52'),(4,4,185,'Quis et id facere harum eaque sit esse. Ipsa natus ducimus reiciendis quo assumenda. Sed magni sed est quaerat sint eos esse. Doloremque eum ut quia et exercitationem.','culpa',5,NULL,'1973-09-26 14:04:52','2012-02-14 01:53:42'),(5,5,187,'Possimus quaerat vitae exercitationem quis aut. Dolore beatae id dolore repudiandae. Minus non aspernatur dolore voluptates quidem consequatur quia. Consequatur provident eligendi enim incidunt.','incidunt',48545555,NULL,'2009-01-25 08:44:57','2018-12-25 16:51:25'),(6,6,188,'Aut provident ut molestias ipsum atque. Est explicabo quaerat officia accusantium illo vero qui neque. In beatae quis facere odio ut sit qui.','laudantium',7633898,NULL,'2009-11-17 01:13:00','2008-03-30 22:35:13'),(7,7,189,'Eos impedit quibusdam enim rerum odit quidem. Aliquam voluptas consequatur magnam sed qui. Omnis et sed mollitia modi mollitia ut.','excepturi',4966,NULL,'2003-09-04 22:10:23','1996-11-18 20:09:35'),(8,8,190,'Pariatur velit ratione quis nam. Est voluptatem modi itaque a perspiciatis consectetur aut quam. Voluptas sed earum inventore nam explicabo soluta.','repudiandae',47454,NULL,'1998-05-20 19:21:54','1972-06-13 18:03:24'),(9,9,191,'Omnis ullam molestias et consectetur expedita et. Non laudantium et reiciendis tempora. Reiciendis officia et voluptatem qui. Consequatur velit voluptatem quod.','tempore',9191,NULL,'1972-11-17 19:19:30','1985-11-17 09:33:42'),(10,10,195,'Repudiandae voluptate velit numquam dolore blanditiis odio velit. Id et est qui voluptatem omnis dolores. Ipsa odit et odit odit. Ullam provident quas dolores.','ipsum',25,NULL,'2013-06-02 19:49:58','2007-07-30 09:48:32'),(11,1,196,'Sint a a ipsam soluta amet numquam aut aperiam. Laudantium qui autem qui voluptatem quia ex ratione. Eaque ut neque voluptatem praesentium odio laudantium non.','dolores',556,NULL,'1970-12-27 07:16:33','1975-07-17 18:11:45'),(12,2,198,'Voluptatibus reiciendis qui expedita iure nemo sequi. Ratione aut velit rem molestias cumque magnam.','veritatis',95,NULL,'2002-07-17 15:00:16','2016-02-06 20:35:54'),(13,3,199,'Iusto cupiditate numquam voluptatem sed ullam neque quia. Quas dolores fugit sunt quisquam ipsam nostrum. Sequi iure delectus cumque laborum adipisci aut.','quos',412,NULL,'2014-09-03 21:30:30','2005-09-12 00:10:20'),(14,4,200,'Sunt dolore reiciendis et fugiat velit explicabo aut ipsam. Quos harum et dolore temporibus doloribus eum ut. Iste nulla unde delectus accusamus illum non eligendi quia. Itaque magnam occaecati sapiente.','ea',2833,NULL,'1974-12-30 02:59:32','1986-05-03 16:31:35'),(15,5,201,'Vero quas officia in dicta. Itaque labore soluta molestiae eum blanditiis iusto eligendi.','cupiditate',8,NULL,'2000-06-01 13:25:05','1998-05-22 12:19:57'),(16,6,203,'Et voluptatem accusamus et error omnis impedit eaque. Eaque quia modi accusantium commodi sit laboriosam. Dolor sunt voluptas totam a.','officia',588211,NULL,'2000-01-06 17:19:04','2014-07-17 00:53:25'),(17,7,204,'Omnis voluptatem eligendi accusantium ea atque cumque est. Qui consequuntur nostrum rerum iste occaecati et unde exercitationem. Doloremque facere fuga ut error nulla error corporis. Odit sunt fugiat pariatur dolores.','incidunt',5169230,NULL,'1998-07-19 08:32:41','1988-02-25 20:34:38'),(18,8,205,'Perspiciatis quidem maiores consequatur et odio quos. Omnis consequuntur vitae ut autem rerum et ut. Voluptate voluptatem in explicabo.','iure',19,NULL,'2010-11-18 04:27:48','1989-03-22 20:54:55'),(19,9,206,'Velit amet sit quis vero libero. Totam voluptatem aut est fuga dignissimos. Et voluptatem magnam maiores explicabo.','et',54000,NULL,'1995-09-19 11:12:31','2000-10-04 06:37:20'),(20,10,207,'Qui perferendis ut enim nihil explicabo atque. Similique voluptatum sed corporis.','quibusdam',49965,NULL,'1977-06-25 14:17:41','2011-08-11 12:21:41'),(21,1,208,'Consequatur hic nisi quam illum dolor. Vitae perferendis eaque in qui totam in dolorum magnam. Totam iure quo et aut ea. Dolore quo adipisci illo incidunt.','consequatur',450045106,NULL,'1991-01-24 22:48:28','1987-04-25 20:03:48'),(22,2,210,'Magnam eum facilis vel ex sunt cum quisquam. Quia qui ratione unde eum aut modi. Laboriosam ut reiciendis voluptas dolorem.','sed',5622707,NULL,'2014-01-11 11:35:46','2001-02-26 05:02:22'),(23,3,212,'Sint possimus quis earum tempora velit. Perspiciatis at qui sint officia libero vitae. Corporis occaecati quis et sit ad libero. Vel accusamus deserunt quasi et ab quia.','voluptas',5899,NULL,'2013-05-28 07:33:25','2010-06-28 19:42:57'),(24,4,215,'Voluptatem est deleniti suscipit. Nostrum omnis maiores ut. Sit aut sunt id exercitationem aut odit. Iusto aut aspernatur voluptatem.','minima',235771,NULL,'1989-06-25 10:24:31','1995-03-10 18:22:50'),(25,5,216,'Molestiae aliquid cumque eveniet distinctio dolores. Eum sed officia hic iure maiores rerum non. Libero similique delectus repellendus. Nulla architecto consequuntur quo modi.','dignissimos',62175,NULL,'1992-12-28 06:13:53','2006-04-20 22:03:03'),(26,6,219,'Cupiditate nulla eum labore quia sed accusamus sit est. Voluptatibus eveniet fugiat dolorum voluptas ea et. Tempore qui quia aliquid.','aliquam',197796,NULL,'2010-12-03 05:06:45','2004-09-12 08:37:47'),(27,7,220,'Maiores quia mollitia et mollitia. Dolores amet quo perferendis iure. Ut repudiandae voluptas quo.','et',212768,NULL,'1976-09-13 01:35:35','1971-12-12 23:54:14'),(28,8,222,'Quia facilis laborum non quam consequatur tempora consequatur. Omnis quo a ex incidunt. Deleniti velit inventore officia sequi sit dicta.','id',46,NULL,'1987-04-13 19:37:08','2020-06-07 03:38:29'),(29,9,224,'Qui recusandae itaque sint enim facilis. Possimus vitae modi sed cum. Voluptas accusamus laborum omnis architecto. Architecto architecto sit sed aut at eaque. Iusto fugit excepturi qui qui dolores.','corporis',775199487,NULL,'1979-05-03 19:07:59','2017-06-05 15:05:33'),(30,10,226,'Ut molestiae nihil vel. Numquam quis vel expedita. Sint tempora blanditiis ullam expedita.','voluptatem',0,NULL,'2014-08-19 14:08:51','1975-11-05 19:43:15'),(31,1,227,'Qui fugiat molestias minus vero voluptatibus delectus non. Enim nihil ut beatae repudiandae reiciendis iusto qui. Eveniet dicta autem earum odit dolore rerum. Nobis qui sed nihil quae nesciunt officiis occaecati.','modi',125446,NULL,'2020-06-07 21:03:31','1990-08-31 06:27:07'),(32,2,230,'Sit sit aut beatae autem. Maiores maxime voluptas magnam cum dolores exercitationem ullam provident. Dolorem mollitia quidem perspiciatis maxime recusandae nam et.','non',1,NULL,'1978-10-08 01:46:00','1985-01-30 20:27:53'),(33,3,232,'Deserunt in ratione architecto. Quia vel et sit fuga officiis.','ab',15079,NULL,'1983-07-30 19:05:04','1985-06-25 22:42:11'),(34,4,234,'Et temporibus quaerat ut ut error qui minima. Consequatur soluta architecto quia nemo ea eligendi at. Facilis quo ullam adipisci labore voluptas voluptas. In quidem aut vitae eveniet beatae.','veritatis',661,NULL,'1980-10-24 22:23:21','1995-09-25 07:35:27'),(35,5,235,'Qui sed ab est asperiores illo hic. Dolores et rerum earum molestiae ut. Repellendus ullam dolor officia placeat. Atque praesentium error distinctio provident quia nisi eum.','vel',377921,NULL,'1984-02-04 03:47:33','1992-11-14 10:06:16'),(36,6,237,'Est et atque quos modi. Laborum est enim qui. Pariatur quis corporis dolore in est vel. Quae rerum voluptas ut voluptatem ut.','dolor',888,NULL,'1972-04-01 20:32:03','1991-11-04 06:09:48'),(37,7,238,'Ut velit nobis ut dolore. Sed in corrupti voluptatem. Beatae modi quam non qui voluptas quia. Reiciendis veritatis molestiae earum tempore.','similique',89896,NULL,'2018-12-06 01:06:14','1999-11-16 13:59:01'),(38,8,239,'Inventore aut error eos dolor tempore qui nobis. Voluptates sed quae accusantium sed fugiat nihil est qui. Ut fugiat et porro nisi omnis. Cupiditate asperiores omnis est aut voluptatem repellat et a.','modi',30711949,NULL,'1993-10-16 04:22:57','2014-06-29 05:32:01'),(39,9,240,'Accusantium rerum nostrum minus voluptates modi et. Est illum ad et quaerat temporibus nam.','sint',74,NULL,'2007-06-12 22:02:34','1999-12-01 23:21:15'),(40,10,242,'Modi fugiat mollitia optio ipsam eius est. Sit cupiditate dolorum ullam porro. Nulla officia sit consequatur recusandae beatae debitis quae facere.','consequatur',20013806,NULL,'2000-07-31 21:33:25','1994-06-27 01:29:45'),(41,1,243,'Nulla ut consequuntur et adipisci architecto laborum. Ratione ab id fugit ut corporis laudantium. At voluptas est sed et veniam ea qui incidunt. Quos sit a ut aut expedita et.','iusto',66,NULL,'2021-01-29 06:32:25','1996-06-20 08:51:18'),(42,2,244,'Eveniet cumque consequatur omnis reiciendis quaerat. Ad voluptatem eum esse doloremque aperiam et labore facere. Doloremque eos et error quos nesciunt accusantium. Nobis ea sint doloribus ducimus id qui repellendus.','consectetur',4133,NULL,'2011-09-21 14:38:57','1990-03-14 13:56:53'),(43,3,245,'Non placeat id veniam vel voluptas maiores voluptatibus. Consectetur quidem saepe nemo quibusdam. Cum error asperiores recusandae quod ut ut praesentium.','id',12005041,NULL,'1985-04-17 01:20:12','1973-10-11 18:57:03'),(44,4,248,'Accusamus sit aspernatur sapiente aut ut. Veniam sed sit et autem qui. Corrupti quod impedit autem inventore totam. Explicabo molestiae fuga vel debitis qui.','recusandae',33787,NULL,'1993-12-13 02:45:16','2002-06-23 09:45:11'),(45,5,250,'Est est in et exercitationem. Aut minus et quisquam fugiat qui aut nemo reprehenderit. Mollitia voluptas libero facere ullam doloribus nulla sed consequatur. Necessitatibus tempore voluptas quas velit soluta.','ipsam',9327,NULL,'1985-11-24 06:25:39','1998-06-22 16:32:47'),(46,6,251,'Natus quam cum vel sint tenetur placeat consectetur. Eos ut incidunt qui occaecati unde saepe dolores omnis. Tenetur ex et voluptatum porro deserunt qui.','sequi',0,NULL,'2013-10-15 16:17:30','2018-08-15 14:18:02'),(47,7,252,'Ut culpa et et. Quidem aliquid ex molestias. Necessitatibus qui porro iusto id aut dolorum ut est. Repellat eius sit rem quia debitis.','nulla',6434,NULL,'1996-05-28 18:55:43','1988-03-02 03:18:26'),(48,8,255,'Qui at quas earum autem. Quia velit ut quam illo. Autem voluptatem est dolor nam voluptas possimus sed. Omnis minus aut molestias non est quae.','est',9,NULL,'1972-07-07 13:11:45','2010-02-01 05:40:56'),(49,9,256,'Eos minima in aut eius et corporis ea fuga. Autem et quos voluptates placeat et ad.','quia',93689,NULL,'1981-04-08 00:10:58','2004-11-05 11:27:57'),(50,10,259,'Velit nulla a porro soluta sit. Omnis sunt provident aut et. Quo soluta nisi amet.','assumenda',540,NULL,'1975-11-05 21:29:00','1995-08-25 23:18:17'),(51,1,260,'Quidem maiores quis voluptas temporibus eaque. Occaecati dolorem corrupti aut provident corporis et pariatur. Amet provident aperiam facere quibusdam libero architecto nobis ut. Fuga aliquam non accusantium rerum.','quasi',0,NULL,'2019-02-24 21:29:30','1983-05-17 15:08:53'),(52,2,261,'Et aut rerum eaque distinctio aut omnis aut. Voluptatem dignissimos labore voluptas sed quis et iste. Laudantium aspernatur inventore sint officiis. Possimus tempora quibusdam maiores accusantium natus explicabo perspiciatis.','rerum',0,NULL,'2004-03-03 05:08:24','2017-05-17 20:01:21'),(53,3,265,'Et rerum dicta cupiditate sapiente. Dicta rerum unde molestiae distinctio cumque. Ea deserunt repellendus provident ea pariatur debitis vero. Veniam dolorum atque qui distinctio atque asperiores repellat.','placeat',0,NULL,'2015-11-17 09:12:19','1982-03-02 04:42:48'),(54,4,267,'Adipisci repellendus numquam atque fugiat dolores. Nihil corrupti ab omnis earum asperiores cum aut. Et consequatur quod ratione ratione facilis.','perferendis',4,NULL,'2014-01-12 19:07:56','2021-01-28 15:33:37'),(55,5,268,'Nobis quis facilis sit omnis. Suscipit tenetur perspiciatis aspernatur natus. Voluptas quia qui nisi sit. Est qui qui facilis culpa assumenda ea.','earum',60,NULL,'1983-02-03 01:36:29','2009-06-01 20:36:06'),(56,6,269,'Et et debitis occaecati quia placeat repudiandae itaque. Dicta culpa enim modi et ut necessitatibus quis.','blanditiis',2375541,NULL,'2002-02-14 13:58:57','1997-03-05 22:34:16'),(57,7,271,'Qui praesentium dolor in ad quidem est neque. Dolore accusamus error et laborum ut tempora at. Eveniet consectetur et non vitae quaerat. At qui et et quo maiores.','ad',373946953,NULL,'1975-08-06 09:40:18','1972-06-20 06:23:36'),(58,8,272,'Expedita est earum et sed. Laboriosam praesentium et voluptatibus quaerat beatae maiores et id. Cum inventore consequatur unde saepe corporis aut.','quo',4292,NULL,'2014-08-22 23:10:23','1986-10-07 00:25:33'),(59,9,273,'Saepe tempora quos rerum qui. Dicta at voluptas ut. Similique qui et ut quis omnis distinctio.','sunt',9,NULL,'2003-05-14 18:08:23','2015-11-06 08:38:42'),(60,10,274,'Commodi expedita voluptatem ipsum molestiae officiis. Adipisci et non facere reiciendis. Totam iure aut molestiae corporis assumenda nemo voluptate. Est praesentium iste quia amet suscipit et voluptas.','perspiciatis',472,NULL,'2001-01-26 02:40:13','1990-10-17 16:51:44'),(61,1,275,'Porro id cupiditate vitae reprehenderit sunt. Possimus rerum ad molestiae voluptatem assumenda numquam. Placeat qui repudiandae minima esse.','aut',3,NULL,'2004-03-20 04:14:29','2009-05-15 15:14:07'),(62,2,276,'Consequatur officia consequatur error architecto eligendi maiores. Id unde cumque aut qui. Iure qui tempore hic autem et beatae.','animi',683,NULL,'1999-12-24 22:25:32','1974-12-10 10:03:35'),(63,3,278,'Temporibus maiores sed dolorem voluptatem iste et sed et. Itaque doloremque error sed cumque. Et est consequatur perspiciatis doloremque hic et. Saepe dolor eum beatae perferendis.','et',8,NULL,'1991-09-07 14:46:24','2016-01-26 15:19:59'),(64,4,279,'Architecto et repellendus non aut ut quia nam. Ipsam tempore ea reiciendis est. Repellat omnis animi consequatur voluptate.','nesciunt',773,NULL,'2014-12-09 12:04:42','2009-04-09 10:37:39'),(65,5,280,'Blanditiis quas quas repellendus ut. Aliquid qui minus quis ipsa sed ex facilis porro. Aut ipsa sequi inventore ut voluptatibus.','aut',70052,NULL,'1988-11-14 08:12:50','1981-11-08 06:32:12'),(66,6,282,'Adipisci alias provident aspernatur veniam harum vel recusandae. Atque officia sed et et accusantium explicabo reprehenderit. Tempora non et quae et perspiciatis numquam.','deleniti',217,NULL,'1994-01-21 16:08:32','1990-11-17 15:16:02'),(67,7,283,'Ut qui placeat cupiditate velit dolorum. Aspernatur tempora aliquam amet et et eos. Occaecati iure at et aut maiores. Culpa asperiores eveniet aut animi consequatur dicta omnis.','incidunt',74,NULL,'2003-03-12 00:21:47','1984-08-11 19:55:52'),(68,8,284,'Minima tempora soluta non dolores ut incidunt. Et neque dolor quas ut. At libero quia quo deserunt. Eligendi dolor suscipit ea similique eos molestiae esse.','eos',298057,NULL,'2007-01-02 05:33:56','1983-05-24 20:46:06'),(69,9,285,'Voluptatem numquam porro necessitatibus. Atque qui tempore suscipit vero. Eos ullam et nihil itaque doloremque odio eaque.','velit',24,NULL,'1987-02-12 22:47:36','2019-01-27 01:38:34'),(70,10,288,'Est minus odio et quos dolores dolorem. Reprehenderit voluptatum culpa mollitia omnis sequi. Ad laboriosam dolorem voluptatum eos et itaque nam. Laboriosam voluptatem quis et est iste.','quod',37,NULL,'2012-10-07 20:16:14','1992-07-27 17:50:38'),(71,1,289,'Explicabo explicabo qui rem ex cumque. Est excepturi consequuntur ad rerum odio. Recusandae consectetur consequuntur sit.','autem',8117,NULL,'2012-11-26 18:42:41','1983-12-02 17:53:12'),(72,2,291,'Quia quia officiis iusto sed ut veritatis sed omnis. Et facilis voluptatum aut blanditiis. Nostrum quis placeat ipsum blanditiis perferendis beatae aut soluta. Aut facilis ad consequatur commodi.','non',2153,NULL,'1997-01-04 07:20:46','1998-10-23 09:07:01'),(73,3,294,'Facilis sequi sit labore nemo autem sed. Omnis et modi ut architecto. Culpa officia sit at ratione quos et sunt.','sit',2000109,NULL,'2001-07-21 15:48:01','2004-01-25 19:24:12'),(74,4,295,'Eos enim voluptatem qui quia earum saepe soluta. Molestiae est eius veritatis. Dolor explicabo ad animi eum qui nostrum provident. Occaecati sit quos officia ut ullam suscipit asperiores adipisci.','id',985793887,NULL,'2005-02-26 12:50:16','1992-07-15 10:25:31'),(75,5,297,'Accusamus delectus assumenda libero minima ut totam. Veritatis consequuntur possimus qui est aliquam asperiores quis voluptatem. Sit qui blanditiis modi velit qui accusamus qui.','cumque',67493572,NULL,'1976-01-08 14:53:18','1997-07-18 06:10:05'),(76,6,298,'Necessitatibus quas natus alias omnis officia quis eveniet. Sit ab sit qui eum ea debitis. Sit distinctio repudiandae quo omnis vitae veniam ducimus. Et molestiae facilis est aut cum quo officiis.','dolores',0,NULL,'2008-08-29 07:26:21','2017-07-28 10:49:15'),(77,7,301,'Non soluta quia earum dolorum est qui ut. Porro et saepe quidem non ad aut aut. Tempore rerum dicta qui asperiores exercitationem ratione.','doloremque',7,NULL,'1973-01-27 00:07:01','1971-02-05 04:46:12'),(78,8,303,'Fuga pariatur cupiditate molestias debitis rem quae sit. Exercitationem facilis rerum est maiores inventore. Illum ut et et et. Dolorum voluptas temporibus ut vel reiciendis iusto.','harum',5845,NULL,'2019-11-11 11:07:10','1997-05-10 07:14:37'),(79,9,307,'Atque quia id aut blanditiis error dolore nam sit. Eligendi neque rerum ut quae. Corporis quam libero provident. Distinctio saepe repellendus ab dolores voluptate autem.','facere',1,NULL,'1985-12-20 04:42:50','2013-08-20 12:04:31'),(80,10,308,'Repudiandae repellat sed molestias fugit dignissimos ut. Molestiae aut dolore tempore iusto eveniet temporibus. Facere consequatur est dolores optio eveniet cum iste.','animi',32931825,NULL,'1977-03-14 10:27:04','2006-12-03 08:31:51'),(81,1,309,'Voluptatem cum in assumenda iure voluptatem. Ut et natus est nam. Sed aut molestiae reprehenderit possimus nemo enim itaque. Hic in iusto sed veniam libero.','et',51834,NULL,'1977-04-16 05:21:43','2001-08-19 20:46:38'),(82,2,310,'Doloribus non aut labore iusto. Hic sit odio fugiat recusandae. Est quia similique quasi iste explicabo assumenda esse.','natus',133624387,NULL,'2008-04-05 05:37:03','2011-05-11 06:44:12'),(83,3,312,'Animi cum distinctio nihil eos ab inventore. Ullam quia provident voluptate veritatis quia. Blanditiis et doloribus maxime voluptas.','aut',469,NULL,'1972-01-01 09:14:02','1986-05-13 09:49:11'),(84,4,313,'Voluptatem et velit nihil iusto tenetur fuga autem beatae. Explicabo ut nesciunt magni sed aut dicta sequi qui. Velit labore quod rem voluptas possimus corrupti. Totam eum veniam sit et sed labore maiores voluptatem.','consequatur',0,NULL,'1985-05-16 19:23:04','1990-12-10 06:11:45'),(85,5,314,'Beatae ex deserunt et dicta vitae. Voluptatem hic eum accusamus expedita. Vel eius deserunt autem esse fugiat qui libero.','quidem',775,NULL,'1970-06-27 14:33:13','2019-06-01 10:58:59'),(86,6,315,'Nostrum hic explicabo ea reiciendis et sit voluptas. Quia quam eum voluptates et voluptatibus quo reiciendis. Quia et velit tempore cumque distinctio in. Consequatur consequuntur aut itaque quis placeat.','inventore',889880,NULL,'1984-03-12 02:33:06','1995-11-28 05:21:53'),(87,7,317,'Aperiam quam ut qui enim. Iure similique delectus voluptas nulla. Et praesentium non incidunt. Nesciunt laboriosam recusandae et aut harum illum quo.','ab',802,NULL,'1995-05-14 01:35:21','2002-12-08 00:17:29'),(88,8,320,'Ullam quas dignissimos ut. Dolor aut reprehenderit vero. Numquam iure facilis dolore ab molestiae tempore neque. Magnam illum eius aperiam et praesentium.','voluptatem',63,NULL,'2002-01-06 19:05:41','2005-12-02 07:00:06'),(89,9,322,'Minus rerum qui voluptatem error qui beatae. Adipisci voluptatem ipsum reprehenderit rem sit laborum. Maxime autem velit dolorem possimus.','quis',6556940,NULL,'1970-01-23 13:38:10','1998-02-28 12:36:19'),(90,10,323,'Cumque asperiores unde aut dolores illo ab ut amet. Voluptatem aut non ea rem. Ut voluptas praesentium eveniet quod quis quaerat enim. Officiis alias rerum quidem soluta quia sed.','enim',2335,NULL,'1999-01-11 06:49:58','2001-02-18 05:18:45'),(91,1,325,'Quis id enim iusto optio a est iure voluptate. Laboriosam et in vel consequatur. Qui quis ut nostrum cumque repellendus. Consequatur officia sunt sequi sint nostrum consequatur.','aut',3,NULL,'1982-06-05 05:53:50','1973-03-16 05:37:22'),(92,2,328,'Nesciunt quae voluptatem repudiandae iste beatae. Tempora quia delectus enim suscipit dolores est sit. Facere rerum possimus adipisci id perspiciatis consequuntur sed. Perspiciatis est voluptas dolor amet atque aut sapiente.','voluptas',0,NULL,'2009-08-04 16:38:12','1983-09-16 15:20:12'),(93,3,330,'Eius fugit a aut debitis sed. Debitis culpa harum consequatur aliquam tempore. Tempore minima sequi exercitationem recusandae rem dolorem est. Deleniti mollitia nemo ipsam veniam unde a animi.','eligendi',191101,NULL,'1985-12-01 04:18:35','2014-08-15 16:51:06'),(94,4,331,'Eius voluptatem laborum molestiae vel omnis dolor natus repellendus. Aut quis est non. Deleniti dolorem laborum iure repellat accusantium enim. Sequi quas laborum saepe labore harum excepturi.','iste',91,NULL,'2000-08-17 02:24:10','1980-03-01 21:37:30'),(95,5,334,'Et molestias esse omnis ab dolorum impedit ipsa. Eligendi ut ratione dolores dolores vero. Ullam sint rerum et voluptas autem placeat et accusantium. Omnis illum totam ipsum mollitia voluptatem illo voluptas esse. Vitae fuga vero quaerat ut.','commodi',130514,NULL,'2009-03-24 10:56:51','1993-08-08 03:47:36'),(96,6,338,'Dolores ut et molestias. Ratione aut ullam corporis aspernatur voluptas odit explicabo. Eligendi hic incidunt ut. Veritatis repudiandae doloremque hic.','unde',84,NULL,'1984-12-29 22:19:57','2002-09-04 11:32:00'),(97,7,339,'Aut quis ut non officia voluptatem sunt accusamus tempore. Dignissimos numquam veritatis et odio. Et modi odit nesciunt.','tempora',322,NULL,'2020-01-08 19:45:07','2001-03-06 18:34:31'),(98,8,340,'Praesentium id aut id provident et quibusdam est quia. Ea rem quidem et fugiat. Optio ut et et quia velit. Numquam magnam qui ipsum quaerat.','ratione',28721948,NULL,'2003-12-17 11:18:14','1987-08-29 11:26:08'),(99,9,342,'Tenetur illo quas dolores sit molestias. Molestiae dolores et eum rem asperiores ipsa labore. Accusantium non sequi sunt expedita. Sequi natus eum et.','fuga',920413552,NULL,'1979-03-05 04:47:58','1978-06-08 00:32:34'),(100,10,345,'Eius non iusto explicabo dolorem ducimus. Velit consectetur aut pariatur aut. Dicta voluptatibus sit mollitia perspiciatis. Omnis aspernatur deserunt culpa perferendis.','eveniet',10472,NULL,'1973-04-24 09:58:15','1971-03-01 00:32:51'),(101,1,350,'Temporibus dolorum modi blanditiis dolores quibusdam minima. Odit tenetur porro nisi vero qui. Dolorem reiciendis non enim nihil quo earum voluptate. At quia et ab nam.','eaque',6,NULL,'1971-02-24 12:56:32','2011-10-18 13:25:47'),(102,2,351,'Qui expedita consequatur assumenda. Repudiandae quis non quis distinctio. Est iste fugit ut. Ea iure qui voluptate aspernatur.','voluptatem',5,NULL,'2015-12-01 07:01:58','1991-10-11 14:20:50'),(103,3,353,'Et officiis qui blanditiis voluptatibus autem tempora quia. In quae voluptatem eum sapiente distinctio. Odio in magni tenetur blanditiis et. Iure qui et dolor qui distinctio non.','voluptas',82585772,NULL,'2004-04-30 14:57:53','2012-10-16 06:54:34'),(104,4,354,'Delectus est sunt sed alias sint. Perspiciatis molestiae deleniti quia maiores adipisci numquam. Dignissimos quia id corporis. Odio quae nesciunt vero non occaecati.','corrupti',0,NULL,'1976-10-31 05:49:50','2000-09-01 06:48:41'),(105,5,356,'Minus debitis ut cumque in blanditiis nesciunt quos. Dolorem aspernatur voluptatem assumenda repellendus impedit rerum. Aspernatur aut magni expedita amet. Qui et qui consequatur autem suscipit suscipit suscipit similique.','quis',151,NULL,'2012-05-11 14:12:10','2015-12-27 04:29:23'),(106,6,357,'Eos adipisci dicta autem. Accusamus et dolorem voluptas deserunt repudiandae aut impedit. Suscipit rem recusandae vitae ea expedita. Alias et delectus repellendus ratione eveniet ut non fugiat. Quibusdam beatae nulla voluptatem nihil inventore natus.','sed',98,NULL,'1986-10-18 21:56:13','2005-03-28 04:27:41'),(107,7,358,'Ut non vero delectus maiores alias. Quia quidem debitis rerum ut id at.','quod',8865,NULL,'1980-11-03 08:52:02','1997-12-17 09:22:57'),(108,8,359,'Placeat nihil nam rem sed beatae quod sed. Facere tempora quisquam voluptas et animi. Quae tempore cum iure et itaque molestias. Blanditiis aut mollitia culpa consequatur non autem.','esse',2,NULL,'2007-12-25 02:49:27','1970-02-23 13:17:12');
/*!40000 ALTER TABLE `media` ENABLE KEYS */;
UNLOCK TABLES;

--
-- Table structure for table `media_types`
--

DROP TABLE IF EXISTS `media_types`;
/*!40101 SET @saved_cs_client     = @@character_set_client */;
/*!50503 SET character_set_client = utf8mb4 */;
CREATE TABLE `media_types` (
  `id` bigint unsigned NOT NULL AUTO_INCREMENT,
  `name` varchar(255) DEFAULT NULL,
  `created_at` datetime DEFAULT CURRENT_TIMESTAMP,
  `updated_at` datetime DEFAULT NULL ON UPDATE CURRENT_TIMESTAMP,
  UNIQUE KEY `id` (`id`)
) ENGINE=InnoDB AUTO_INCREMENT=11 DEFAULT CHARSET=utf8mb4 COLLATE=utf8mb4_0900_ai_ci;
/*!40101 SET character_set_client = @saved_cs_client */;

--
-- Dumping data for table `media_types`
--

LOCK TABLES `media_types` WRITE;
/*!40000 ALTER TABLE `media_types` DISABLE KEYS */;
INSERT INTO `media_types` VALUES (1,'quas','1994-03-17 18:00:49','1992-08-15 10:03:04'),(2,'ut','2013-09-27 21:22:20','2020-03-14 14:43:13'),(3,'adipisci','2005-05-13 13:07:37','2006-07-28 12:58:23'),(4,'est','2016-10-04 22:07:41','2008-09-29 09:00:38'),(5,'rerum','2005-01-27 14:11:43','2014-11-15 10:44:31'),(6,'explicabo','2007-11-03 12:00:32','2002-04-14 00:20:46'),(7,'magnam','2007-01-08 09:38:24','2003-09-15 19:55:00'),(8,'laboriosam','2004-02-17 16:03:27','1977-12-08 03:23:01'),(9,'sunt','2002-10-14 05:21:31','2011-01-31 09:02:19'),(10,'nostrum','1973-03-04 16:26:04','1977-10-30 15:38:49');
/*!40000 ALTER TABLE `media_types` ENABLE KEYS */;
UNLOCK TABLES;

--
-- Table structure for table `messages`
--

DROP TABLE IF EXISTS `messages`;
/*!40101 SET @saved_cs_client     = @@character_set_client */;
/*!50503 SET character_set_client = utf8mb4 */;
CREATE TABLE `messages` (
  `id` bigint unsigned NOT NULL AUTO_INCREMENT,
  `from_user_id` bigint unsigned NOT NULL,
  `to_user_id` bigint unsigned NOT NULL,
  `body` text CHARACTER SET utf8mb4 COLLATE utf8mb4_unicode_ci,
  `created_at` datetime DEFAULT CURRENT_TIMESTAMP,
  UNIQUE KEY `id` (`id`),
  KEY `from_user_id` (`from_user_id`),
  KEY `to_user_id` (`to_user_id`),
  CONSTRAINT `messages_ibfk_1` FOREIGN KEY (`from_user_id`) REFERENCES `users` (`id`),
  CONSTRAINT `messages_ibfk_2` FOREIGN KEY (`to_user_id`) REFERENCES `users` (`id`)
) ENGINE=InnoDB AUTO_INCREMENT=1001 DEFAULT CHARSET=utf8mb4 COLLATE=utf8mb4_unicode_ci;
/*!40101 SET character_set_client = @saved_cs_client */;

--
-- Dumping data for table `messages`
--

LOCK TABLES `messages` WRITE;
/*!40000 ALTER TABLE `messages` DISABLE KEYS */;
INSERT INTO `messages` VALUES (508,234,210,'Quod consequatur culpa enim. Quibusdam rerum non maxime repellendus. Ipsam optio ea doloremque tempora in corrupti perspiciatis. Et pariatur qui facere rem molestiae qui.','1975-02-03 18:03:47'),(511,259,181,'Qui et temporibus quam alias. Optio aut nihil ullam quae. Adipisci nam ut ut deleniti.','1972-04-22 06:08:52'),(514,203,204,'Consequuntur voluptatem sunt facere. Saepe nostrum tempore sequi sint perspiciatis quo sit. Velit placeat quia aliquam aut eaque velit.','1973-12-26 20:27:05'),(515,250,269,'Aut qui nam vitae eos dolores. Repellat pariatur officia error perferendis earum esse. Aliquid cupiditate nobis ut asperiores et et molestiae.','2005-11-06 13:18:47'),(522,267,237,'Modi ut minima est sunt voluptates praesentium suscipit. Consequuntur ab omnis rerum magni velit. Nulla quibusdam sapiente eos incidunt numquam.','1987-09-26 18:28:40'),(523,282,283,'Sunt quia ab error eos. Ut tempore natus fugiat distinctio ut architecto dolor. Laborum nulla iure non enim numquam quos repellendus. Qui autem in id nihil qui.','1993-04-20 20:47:02'),(526,328,185,'Quia beatae sint dolore est. Et doloremque ducimus quasi quaerat. Et perspiciatis quos et aperiam tenetur.','1974-02-15 01:25:30'),(533,191,189,'Magnam voluptatem minus ab cumque omnis rerum in eum. Et eveniet nemo esse exercitationem quae a mollitia. Qui neque cupiditate inventore debitis voluptatum in quia odio.','1997-02-11 04:42:03'),(543,331,338,'Sequi voluptas ut delectus veniam dolor dolorum eos. Aliquid cum rerum nihil commodi aut fugiat. Velit aut dolorum qui incidunt qui adipisci totam. Non in sit eos culpa quia.','1980-02-18 10:56:08'),(545,203,245,'Minima perspiciatis veritatis ipsum aspernatur ducimus. Natus dolore distinctio minima hic. Praesentium officiis consequatur aliquam sit minima quo velit.','1978-10-31 06:01:59'),(549,239,323,'Ipsum sed tenetur quia repellendus. Culpa aut et praesentium minus. Ipsam iste illo omnis corporis earum aut inventore. Dolore fugit soluta quis optio adipisci inventore hic.','1986-01-08 15:22:28'),(550,255,310,'Velit sit maiores molestiae praesentium provident sit asperiores. Ipsa odit dolore voluptas officia dolorum et quaerat. Molestiae culpa eum occaecati velit inventore voluptas repellendus. Nihil vel rerum vero illo dolorum odio.','2004-04-12 08:42:40'),(553,278,250,'Temporibus sed necessitatibus sunt rerum doloribus asperiores. Eveniet rerum voluptatem aliquid numquam. Consequatur vero recusandae nihil natus. Repudiandae animi nostrum aut id.','1981-12-02 14:45:53'),(556,289,322,'Eius et dolor dolores et qui eos error. Aut at aut iste nihil explicabo neque provident consequatur. Recusandae illo quis qui. Placeat soluta dolor sit repellat dicta.','2012-02-01 09:01:48'),(561,325,274,'Excepturi est qui sunt incidunt laudantium possimus. Magni aut est totam perspiciatis ratione a eveniet mollitia. Omnis itaque dicta sed quis exercitationem. Optio cum voluptate eum quia consequatur laborum sed voluptas.','1976-10-03 11:19:32'),(563,212,251,'Officiis provident provident dicta reiciendis. Dolore necessitatibus occaecati praesentium ullam voluptatem enim autem dolores. Quae quisquam accusantium ut praesentium facilis consequatur voluptatem. Laborum voluptatem voluptates impedit quam aperiam ex natus.','1979-10-27 05:55:50'),(574,339,289,'Sapiente dicta odio eos ipsa dolores nisi recusandae. Non iure ut explicabo quia. Facilis omnis magni iure excepturi. Quis ducimus nesciunt sed et repellendus.','1990-03-06 08:30:05'),(576,285,210,'Aperiam iure voluptate nobis voluptatem dolor iste architecto. Aut temporibus recusandae aut impedit voluptate ut laborum. Nemo nihil ipsam et consequatur.','1984-03-27 08:30:54'),(578,185,289,'Repellat ea nemo dolore aut at velit quibusdam et. Aliquam aperiam facere omnis vitae harum. Officia tenetur aliquam eum ad. Possimus dolorem veniam dolorem dignissimos.','2008-09-09 04:02:46'),(581,226,238,'Ut dolore accusantium et delectus ut quis. Illo quia asperiores quos quis sed. Explicabo explicabo sunt magni et velit architecto.','1974-09-28 17:11:06'),(582,315,195,'Eum saepe suscipit doloribus recusandae sint dolore. Debitis vero hic repellat dolores commodi qui quia qui. Dignissimos eveniet quod atque commodi nulla quisquam sapiente.','2012-12-04 04:25:59'),(588,252,295,'A provident porro vel ullam sed. Sapiente consequuntur fugiat eius voluptas. Nihil commodi necessitatibus architecto ut consequatur sed. Dignissimos qui ut magnam et voluptatibus ut.','2006-12-21 13:01:59'),(594,271,356,'Nisi reiciendis rerum aut neque rem illo. Aliquam molestias aut doloremque explicabo in sit non. Et non sit et et. Suscipit earum ut omnis est culpa.','2013-05-28 04:14:45'),(604,273,345,'Nostrum assumenda quidem facilis distinctio ea qui quidem. Aut pariatur voluptates quisquam quibusdam aut modi occaecati. Consequatur tenetur sed est sunt. Ipsam eum repellat minima reiciendis. Est blanditiis dolorem ut aut repellendus.','1996-04-17 14:08:54'),(605,203,323,'Sequi id quaerat aut ea ipsa omnis provident porro. Reiciendis natus est maxime omnis sapiente quidem nam. Eum impedit quibusdam rerum tempore. Inventore quibusdam neque velit.','1974-06-24 02:35:47'),(617,260,219,'Perferendis fuga fuga impedit mollitia molestias ullam dolorum perferendis. Voluptatem aliquam sed sint est quidem illum ea. Illum est maiores non sequi.','1982-02-08 12:52:32'),(619,206,239,'Aliquam est aspernatur quam molestias magnam. Quod dolore distinctio odit dolorem amet.','2010-05-17 17:55:17'),(620,189,255,'Qui sed eum voluptatem adipisci facere sapiente ipsam provident. Et temporibus nam amet quia. Ut quos quia occaecati sit dolor et. Rerum consequuntur rem qui enim.','1979-11-21 05:27:39'),(621,279,314,'Eius molestias aut natus et est perspiciatis dignissimos. Iusto voluptas labore quis et labore quisquam. Necessitatibus ut provident sed nostrum eos odio veritatis.','1999-06-20 01:30:53'),(627,328,248,'Est qui et excepturi enim animi. Atque quia dolore officiis. Libero nostrum culpa facilis aliquid occaecati hic. Ipsum ab quia dolore illum ut repellendus doloribus maiores. Voluptatum non cum voluptatem id et autem nisi.','2002-06-12 23:58:17'),(628,252,244,'A molestiae nihil omnis voluptas omnis unde. Id praesentium eius ea occaecati. At sint et minus est vero. Rerum ipsa culpa veritatis nihil laborum sequi natus.','1984-04-08 15:56:30'),(638,309,216,'Aut eum quia minus non nam repellendus officia. Suscipit voluptas tempore similique eos quia voluptatibus. Voluptatem sunt itaque reiciendis dolorem ducimus doloremque. Ipsum hic aut et ut nobis maiores eos. Quia est omnis eveniet vero ad quo.','1975-06-02 16:37:08'),(652,295,268,'Iure ut ipsa officiis quia hic eos est voluptates. Molestias iste odio voluptas magnam qui ullam temporibus. In aspernatur saepe in et. Delectus quaerat molestiae repellat necessitatibus labore.','2013-10-01 09:12:03'),(658,342,291,'Vel harum eveniet provident amet quos excepturi cupiditate voluptas. Voluptatum saepe ratione quia qui eaque cum. Vitae commodi rerum distinctio tempore illum ipsa placeat.','1991-03-05 13:13:26'),(668,230,295,'Laboriosam animi numquam dolor ut nulla. Temporibus nulla eligendi totam tempore nihil rerum. Velit qui ullam aut quia assumenda natus. Voluptas aliquid velit deleniti itaque a illum odit doloribus.','1983-01-13 19:28:07'),(675,276,203,'Eaque cum quasi nihil quia optio labore qui. Vero officia sunt at. Esse maxime quam est eum similique.','2000-06-20 10:44:54'),(680,189,279,'Dignissimos qui libero minus. Voluptatem deserunt quia voluptatem eos voluptates. Repellendus libero aut ipsum rerum quaerat ullam rem doloremque.','2015-07-11 10:26:30'),(683,280,232,'Quo eligendi nobis aliquam quis aut necessitatibus aspernatur. Itaque eligendi occaecati sed qui quis est. Natus recusandae itaque eum quisquam.','2007-10-24 15:05:09'),(684,183,259,'Consequuntur laborum accusantium eius voluptas et ut id. Dolores sint et id vitae distinctio. Consequatur et sit laboriosam libero in labore ducimus iusto.','2002-08-13 14:00:52'),(689,356,227,'Eum cumque incidunt aut quia veniam. Sint et qui sint non qui perferendis. Esse laborum eligendi sed quaerat aliquam nesciunt. Sint mollitia voluptas laboriosam reprehenderit et. Et ea id voluptas molestiae tenetur reiciendis.','1970-08-15 05:28:47'),(693,279,250,'Iusto et numquam magni molestias. Est totam ullam atque dolores. Dicta id at itaque ut. Ut qui qui odit quia commodi.','2009-10-03 23:12:28'),(694,359,271,'Explicabo dicta dolorum dolorem sit dolorem. Quibusdam tempore et ea similique qui ut expedita. Architecto aut laboriosam sunt illo. Maiores accusantium rerum est omnis deserunt tenetur repellendus.','1994-06-03 11:23:43'),(697,239,310,'Maiores minus sint ipsa aut vero et. Impedit aut dicta et aliquid quo. Maxime dolorem commodi qui. Eum nihil non sit laborum at laudantium.','2014-11-03 22:50:49'),(698,212,201,'Ipsum inventore occaecati dolores perspiciatis dolor. Ab amet voluptatem sunt sed. Perferendis ea atque dolore est aliquam delectus cum et.','1990-08-16 21:58:01'),(699,243,339,'Fugiat et ad eius aut. Expedita ea eius vel dolorem neque tenetur sit. Qui sed earum minima repudiandae est qui distinctio. Dignissimos ducimus voluptas sed facilis earum quibusdam.','1993-04-09 14:25:42'),(707,357,284,'Vero aut voluptas adipisci architecto. Adipisci consequatur iste laudantium odit consequatur quia. Quae sit quia qui molestiae quasi.','2007-05-05 19:28:24'),(717,219,201,'Quaerat id nam molestiae enim officiis necessitatibus distinctio. Magni sint dolor fugit atque magnam hic sed. Illo officiis est occaecati voluptatem. At reiciendis molestiae et enim cumque inventore atque.','1997-08-13 00:43:40'),(719,271,187,'Non eveniet ut nesciunt quidem incidunt ut ut aut. Provident molestiae sit qui at qui. Quam aut voluptatem aut temporibus voluptas. Repellat vitae tenetur alias et.','2009-09-19 23:04:16'),(720,226,248,'Adipisci dolorem ratione doloremque voluptatum cumque illum voluptatem. Placeat quae perferendis dolores laboriosam. Tempora aut ad et nihil.','1970-12-01 00:43:52'),(722,230,196,'Dolor aut enim ipsam et. Similique repellendus ea inventore sint ipsa. Nihil officiis est veritatis esse voluptatibus impedit dolorum. Ipsum sed voluptatum quibusdam eos aspernatur.','1976-10-30 21:03:07'),(723,234,256,'Quis aperiam ipsum in ut et sed veniam laboriosam. Reprehenderit esse vel dolorem eius nobis dicta quia illo. Ipsam quae sint sequi natus ad vel ab.','2002-04-21 20:56:53'),(724,273,268,'Temporibus quis minima fugit. Voluptate et magnam expedita asperiores aut aut id. Suscipit sed quaerat et voluptatem omnis. Qui deleniti eveniet harum omnis excepturi distinctio quis aliquid.','1975-11-02 08:16:28'),(727,251,250,'Modi aut deleniti ea sed laudantium ex. Dolores saepe rerum dolores sit. Iusto fugit illum delectus quod laborum dignissimos praesentium suscipit. Dolorem dicta eius ratione et dolor quaerat deserunt. Repellat in tenetur numquam magnam minima velit aut.','2005-08-10 21:34:28'),(728,188,207,'Minus culpa vitae provident quia vel. Rerum sit dolorum deleniti minima incidunt debitis. Fugiat maxime fuga sapiente corporis totam in laborum. Aut rerum magnam qui.','2020-05-04 03:38:17'),(732,283,308,'Neque aut velit officiis quia. Dolores quia adipisci quia impedit ut. Doloremque iure voluptatem aut. Et vitae et a similique. Ducimus saepe necessitatibus in.','1998-11-07 21:20:52'),(736,226,271,'Eius sint sed voluptatibus accusamus. Rem delectus quo eligendi amet aut dolores temporibus.','2011-05-31 06:13:48'),(740,235,338,'Beatae velit maxime possimus non eius illum. Et molestiae aut ipsam aut iusto. Exercitationem ex itaque quae qui.','2017-12-21 10:28:18'),(743,204,226,'In cumque minima praesentium. Ipsam ex laborum rerum sapiente.','2006-12-18 07:47:08'),(748,237,275,'Autem vel et vel quam. Excepturi consequatur nulla qui aperiam aliquid ea quam rerum. Dolorem voluptates ipsam quae eveniet ea. Itaque deleniti alias optio illum et minus vitae.','1989-11-20 13:50:50'),(750,224,222,'Vero sunt similique qui laboriosam quibusdam suscipit. Eveniet possimus consequatur corrupti vero mollitia dolores ipsum. Nihil recusandae perspiciatis natus porro. Nemo vitae explicabo nulla tempore autem eos eveniet id.','2007-05-24 11:02:48'),(752,268,267,'Veniam dolorem molestiae aut porro est aspernatur. Quia facilis dolores qui atque distinctio. Voluptas ducimus cumque nihil dolores. Tempora soluta voluptas maiores.','2002-11-09 12:02:25'),(753,330,280,'Quia voluptatem qui nulla animi. Alias non qui ut alias. Quo rem qui modi fugiat harum.','2017-12-23 10:52:09'),(754,235,269,'Et tempora necessitatibus ad et perspiciatis quidem voluptate nihil. Provident et dignissimos incidunt unde numquam placeat. Nam nisi perferendis exercitationem soluta.','1992-05-12 06:59:50'),(755,283,226,'Placeat quia ut veniam vitae. Ea quia non aut omnis. Et similique est dolores possimus. Quo eaque sunt recusandae in autem.','1981-01-14 07:26:53'),(756,331,188,'Ut ut minima esse aliquam soluta. Deserunt animi voluptatem temporibus porro fugit. Sequi aut qui consequatur in. Amet eum sequi laborum.','1993-07-07 19:43:44'),(758,219,351,'Quaerat eligendi autem ipsam voluptatem. Non eius quam id natus sunt impedit. Ut aliquid quia repellendus ipsam molestiae distinctio.','2015-12-22 03:04:31'),(761,208,303,'Error ullam et aperiam sed omnis. Inventore et et accusantium ducimus nihil. Corporis exercitationem alias illo voluptate provident natus cumque.','1971-12-19 21:15:21'),(764,314,201,'Rerum dolorem laboriosam illo esse iste temporibus est asperiores. In eligendi amet ut dolorum dolorem voluptatibus saepe et. Laborum pariatur animi a delectus perferendis adipisci. Doloremque aliquam incidunt voluptatem voluptates omnis quibusdam. Asperiores voluptate omnis culpa at dicta omnis.','2010-02-10 16:57:59'),(774,251,203,'Dignissimos fuga labore delectus quae reprehenderit. Expedita repudiandae hic soluta qui.','2007-06-09 10:54:05'),(778,259,251,'Quam ea maiores repellendus alias velit eos delectus. Itaque et qui commodi voluptate itaque eum sit. Quis voluptas numquam quisquam modi omnis.','2001-02-07 08:24:10'),(780,338,188,'Minus quaerat debitis incidunt id eligendi harum magnam maxime. Adipisci aut facere beatae modi sit. Totam recusandae eveniet vel quis molestias officiis iste nostrum.','1994-03-31 03:15:56'),(782,238,313,'Voluptates id officia odit ut debitis vel neque. Commodi mollitia id veniam quas officiis similique nam. Id a magnam et aspernatur quod officiis omnis. Maiores ratione vero consequatur voluptate deleniti. Asperiores eligendi nam voluptate corrupti.','1975-02-04 12:42:34'),(785,328,185,'Excepturi harum est et ad ipsa. Voluptatum natus perferendis saepe labore. Voluptates voluptas sapiente tenetur ipsam recusandae. Iusto aliquid omnis hic suscipit adipisci. In tenetur qui omnis repellendus perferendis illum.','2007-12-26 02:54:01'),(788,278,188,'Nemo eveniet aut repellat est. Rerum aliquid quibusdam qui. Similique consequuntur sed consequuntur labore. Deserunt ut iusto odit illum tenetur eligendi.','1970-08-28 22:18:03'),(795,289,220,'Et ipsum quae non a nam accusantium sed rem. Quis hic qui distinctio voluptatum accusantium sed et. Optio impedit minus at eaque. Neque aperiam nemo qui quae.','2006-10-11 14:18:10'),(798,208,222,'Sed quas odit est quia eos. Sit ipsam sunt temporibus officia vel. Ut provident ea vero et sed temporibus.','1983-06-22 04:15:32'),(806,252,252,'Aut amet repudiandae accusantium dicta. Aperiam accusamus dicta et eveniet. Qui sint repellendus consequatur sed odit ut voluptas.','2020-06-01 13:06:30'),(807,301,184,'Dolor repudiandae esse ut doloribus numquam fugiat et. Et voluptatem consequatur ut nihil. Consequuntur architecto et quisquam temporibus aliquid eum asperiores velit. Dolore consequatur dolorem et eius sed doloremque non deleniti.','1977-12-11 18:51:51'),(811,245,297,'Tempora deleniti voluptas consequatur dicta. Ex hic ducimus quisquam et sit. Nostrum nulla velit ducimus hic ut. Quae aut et natus commodi officia omnis rem fuga.','2018-10-24 09:05:58'),(814,215,190,'Dicta consequuntur porro nesciunt facere. Aut hic perferendis nobis officiis qui asperiores. Porro rerum dolorem nostrum quisquam et sequi. Dolor minus assumenda officia consequatur earum.','2006-09-24 19:45:42'),(815,288,248,'Ducimus nihil et quam et porro nihil. Accusamus omnis deleniti quis consequatur autem ipsa. Eos quo qui eaque voluptas impedit aut.','1995-09-04 04:43:09'),(816,274,230,'Eos explicabo quidem est eius veniam non quas. Placeat voluptatibus corrupti dolorem laboriosam exercitationem. Maiores atque itaque tempore tenetur.','1972-01-23 15:40:39'),(819,188,190,'Vitae aut facere autem perspiciatis ratione laboriosam dignissimos. Deserunt minus est maiores aspernatur aperiam autem. Aut excepturi amet rerum eligendi qui.','1980-10-23 23:55:38'),(820,307,232,'Velit dolores nesciunt cupiditate culpa voluptatibus inventore et ducimus. Voluptas non quisquam sint. Quisquam corporis cumque magnam qui reprehenderit a voluptatem. Sit nulla voluptas non cumque adipisci aliquid.','1986-04-24 07:28:24'),(822,285,312,'Expedita occaecati harum ullam sit. Ut quas deserunt fugit. Dolorem eveniet sapiente quidem est. Ex similique iure qui voluptatum voluptatem sit in.','1984-12-04 18:41:36'),(824,340,308,'Minima omnis et illo est. Quod ipsam doloribus harum voluptas molestiae eius repellendus voluptatem. Rem est nesciunt minima vitae placeat vel fuga. Nostrum id cumque hic et quis.','1973-03-04 21:36:00'),(825,191,283,'Odit earum et ab consequatur. Reprehenderit deserunt libero blanditiis possimus quia vel iusto. Qui eaque inventore consequatur quod totam. Officiis est cupiditate quas quos.','1993-12-16 12:35:04'),(828,357,267,'Placeat fuga nemo sit et numquam eos. Dolores est et explicabo hic architecto aut laboriosam mollitia.','2012-07-30 15:16:40'),(829,200,200,'Quo esse incidunt quaerat explicabo numquam aut error. Corporis ab consequatur eos incidunt nesciunt sit. Non voluptate eum ut est ut ut aut.','1990-02-11 18:36:12'),(833,212,240,'Ut mollitia necessitatibus quisquam molestiae rerum non vel et. Aut quidem ratione expedita voluptatem id. Soluta quo possimus est odit.','2015-06-16 01:11:43'),(840,208,320,'Quo illo et architecto sed laboriosam explicabo error. Fugit nobis atque ipsa maxime magnam eum. Sed ratione sint quia eius aut voluptatem. Quasi quasi nam dignissimos optio impedit rerum.','1989-06-20 05:11:19'),(851,196,285,'Delectus sed sit occaecati est earum. Nesciunt et aut ipsa aut in. Dicta dolor molestias eos excepturi aspernatur occaecati incidunt.','2001-01-23 15:49:03'),(857,342,237,'Illum aliquam suscipit autem itaque non. Occaecati consequuntur eveniet quae rem mollitia consequatur. Perspiciatis omnis non vitae et dolor. Fuga maxime omnis placeat alias. Dicta sit adipisci beatae facere ut amet.','1978-04-21 04:51:40'),(868,359,190,'Velit error vel commodi laboriosam velit consectetur blanditiis deserunt. Maxime cum unde est voluptas repellendus voluptate.','1981-10-10 20:41:24'),(869,243,232,'Expedita esse dolores reiciendis modi ut. Delectus ea quibusdam maiores et accusantium eum non. Sunt enim optio fuga. Officiis inventore ipsam hic at quia esse recusandae.','1970-06-18 03:36:43'),(870,334,301,'Vel sunt quia saepe autem eius voluptatem. Repellat et magni eum expedita voluptatem blanditiis quo voluptatem. Ut quaerat omnis ut illo dolores alias cumque.','1980-04-13 08:34:18'),(872,339,334,'Necessitatibus sed at odio in cumque. Unde non reiciendis provident vero voluptates ratione aut. Autem ut ratione voluptatum in. In quis vero repudiandae aut error in ut quis.','2010-02-23 13:47:23'),(875,307,345,'Ex quia ab quis debitis culpa quae ab iure. Fuga consectetur dicta non consequatur. Repellendus ex ab pariatur. Et iste sed consectetur amet.','1991-07-12 21:55:30'),(877,291,357,'Quo maiores alias consectetur quos fugiat eligendi et sit. Ut atque odit accusantium vero aspernatur. Et et quia ut modi sunt hic adipisci.','2004-12-26 00:49:49'),(879,220,271,'Perferendis totam similique sed sed molestiae quos. Eos dolorum quaerat adipisci porro omnis tenetur. Et eos quos aliquam sed nostrum fuga. Ad praesentium impedit est voluptatem animi sapiente maiores.','1998-03-13 04:11:57'),(880,280,190,'Voluptates dolorem omnis placeat illo inventore quae ad pariatur. Dolor ut magnam quas. Excepturi quia doloremque saepe.','1970-07-27 16:20:10'),(887,199,200,'Sequi aut aliquam facilis consequatur dolorum qui aliquid omnis. Provident eligendi cupiditate voluptatum. Aspernatur molestiae veritatis quasi et.','2006-12-03 02:02:24'),(890,234,235,'Omnis atque reiciendis qui et quis. Possimus ut voluptatem est porro consequuntur impedit molestiae. Similique reprehenderit optio odio magnam.','2002-12-20 11:09:18'),(896,267,238,'Est laudantium iusto voluptas temporibus qui rerum rerum. Quis voluptas molestiae quia rerum quo et. Itaque consequuntur nostrum nam quidem voluptate vitae. Qui aut velit reiciendis.','2013-12-05 21:12:00'),(900,222,252,'Adipisci et molestiae voluptate qui itaque accusantium totam non. Expedita sit deserunt vel ut sapiente fugit. Aliquid et est qui voluptas. Dolores numquam deleniti id nemo non officia nihil.','2013-03-04 08:17:15'),(901,181,219,'Voluptatem sit deleniti ipsa sed eaque ducimus. Ut ut sunt omnis mollitia maiores sed tempora. Ut voluptatem rerum id dicta. Temporibus et perspiciatis accusantium.','1979-09-26 13:07:48'),(916,242,191,'Et non totam at. Ab enim dignissimos qui sunt sit. Necessitatibus qui et hic quia et sed qui. Voluptatum deleniti explicabo iste iste consequuntur error.','2004-05-23 00:40:56'),(919,184,242,'Deserunt aut quia occaecati. Et suscipit nostrum nobis reiciendis dolorem iste repudiandae aperiam. Eligendi commodi aspernatur consequatur labore aspernatur.','1985-03-21 14:13:59'),(922,239,325,'Est blanditiis accusamus saepe dolores quisquam cum. Ut suscipit dolorem a necessitatibus enim commodi. Consectetur reprehenderit libero quo quas.','1993-12-01 12:39:46'),(927,307,261,'Rerum quo eum ut voluptates velit ipsum similique. Sint suscipit quae ut unde aliquam est.','1971-01-05 15:53:00'),(928,275,212,'Aut quia ullam ab dolores id assumenda vel. Optio at numquam repellendus quos. Modi perspiciatis saepe molestiae facere ipsa et.','1985-12-23 11:40:12'),(929,289,303,'Dolore incidunt molestiae ullam ipsa. Maiores vel pariatur amet nisi totam ut modi est. Laboriosam et eius recusandae et odit sapiente earum. Voluptatibus totam animi ut illum dolorem.','2013-08-10 22:13:49'),(934,201,340,'Quam dicta excepturi sit atque. Cumque voluptas quia aliquid qui ullam commodi. Aperiam dolor alias soluta hic. Dolor quia tempore tempore dolorem illum sint eaque explicabo.','1986-08-25 03:13:49'),(935,265,199,'Voluptatem ut quia consequatur similique dolor. Et modi quia dignissimos enim totam magnam rerum qui. Ut et aut beatae magni. Iste fuga dolor odio molestias.','1995-06-03 14:50:30'),(936,315,260,'Quibusdam voluptatem qui itaque consectetur dolorum reprehenderit suscipit. Eum error tenetur deserunt vitae velit ut dolor. Consequuntur facilis voluptates libero asperiores.','1988-08-22 14:06:34'),(937,284,357,'Perspiciatis perferendis ut sed. Voluptas aliquam accusamus sequi aut temporibus soluta. Odio tempora vero porro laudantium culpa officia.','1984-09-18 06:31:00'),(942,259,235,'Qui aspernatur ut consectetur ipsum vel. Accusamus ut enim magnam voluptas est rem. Repudiandae eum id qui sequi alias expedita quam.','2016-03-03 22:34:25'),(943,219,345,'Aut cupiditate illo animi quo reiciendis repudiandae ea. Vel nihil itaque molestias ut. Rerum error perspiciatis aut iste et repudiandae. Temporibus explicabo molestias et magnam eos sed sint.','1999-03-18 22:48:44'),(947,222,240,'Qui et et autem ipsum similique velit molestias ut. Iure et corrupti vel nemo tenetur qui. Et assumenda et qui quia dolore dolores aspernatur. Ipsa quae ut perspiciatis facere enim explicabo ipsam.','2006-02-23 15:47:15'),(949,222,190,'Saepe quaerat natus natus est rerum. Aut magni suscipit laudantium maxime molestiae. Est omnis repudiandae molestias deserunt voluptatem harum. Quo explicabo tempora ea delectus id. Harum cumque incidunt optio et numquam.','1970-02-28 13:28:15'),(950,295,283,'Sapiente aut maiores magnam consectetur. Natus tempora rerum eius sapiente sint expedita et. Dolores illum hic est suscipit ea sed.','1975-09-02 01:45:34'),(952,200,216,'Voluptatem placeat vitae aliquam praesentium. Delectus est fuga optio. Magnam ipsa et consectetur quod omnis.','1978-10-29 05:26:31'),(954,328,222,'Placeat voluptatem quibusdam reiciendis laudantium minus magnam non magni. Ullam numquam inventore soluta nisi et qui suscipit sed. Quae minus voluptate ipsam voluptatem ut tenetur provident. Sit quam eos rerum et sequi corrupti doloremque.','1992-01-22 20:52:51'),(955,196,181,'Sit eos facere nulla quia. Eveniet mollitia velit dolorum ipsa deleniti nam.','1974-03-09 11:20:46'),(958,237,291,'Reiciendis reiciendis sed possimus repellat velit quo explicabo est. Sed id omnis et voluptatem praesentium voluptas quisquam delectus. Et dolores vero quos ut enim. Reiciendis ut odio et cupiditate corporis.','1985-09-08 16:01:42'),(959,237,244,'Et a qui omnis distinctio. Accusamus reiciendis illum quibusdam tempore dolores et perferendis. Iure velit inventore commodi sit amet. Maxime sunt enim aliquam perferendis.','2012-02-05 05:29:52'),(961,208,195,'Est atque sequi nesciunt est et nulla. Expedita itaque qui illo suscipit autem veritatis. Quis quis minus est beatae inventore. Quia aut ipsa nulla sit et corporis nisi.','2004-11-23 14:33:18'),(965,309,354,'Ex sint et dolorem commodi error. Itaque delectus eum id velit. Dignissimos odit rem harum sed corporis.','2019-07-16 09:17:57'),(967,237,359,'Quaerat in non voluptas aut soluta ea dolorem. Facere provident praesentium pariatur voluptate et quibusdam quos. Dolores temporibus iste id animi molestias.','2006-12-10 05:06:44'),(969,353,198,'Itaque est placeat inventore ratione. Illum voluptates sit reiciendis id quam. Et est praesentium sapiente rerum dignissimos voluptates.','2004-09-09 03:28:18'),(974,325,272,'Repellendus in quia natus velit est. Voluptatibus voluptatem numquam ea officiis ipsum. Sint doloremque officiis culpa sed. Tempore voluptatem magni omnis repellendus.','2010-01-17 17:12:28'),(975,208,185,'Molestiae eos aut corporis quidem beatae est qui optio. Aut sunt sed tempore expedita quia autem repudiandae expedita. Occaecati itaque eos sit nam similique.','2000-02-27 20:09:41'),(978,315,330,'Consequatur aut repellat rerum rerum sint. Iste ut officiis rerum blanditiis libero nostrum. Doloremque voluptates ex debitis qui aut qui. Dolorem amet dignissimos ipsam explicabo.','2006-03-19 13:46:45'),(983,342,276,'Rerum excepturi quia magni nostrum. Voluptas maxime asperiores molestias est doloremque quia. Est est totam atque inventore quia vitae. Et quae saepe quo eos recusandae eligendi.','1985-12-07 03:54:33'),(991,183,303,'Officia qui voluptatem enim qui fugit molestiae molestiae assumenda. Non quo aperiam ab sint voluptas eaque nostrum ea. Dolor itaque impedit aut dolor.','2018-09-25 20:37:28'),(994,272,276,'Nihil quia eveniet soluta nemo. Aspernatur aperiam est eligendi et sunt alias iusto. Culpa id nihil similique aperiam. Pariatur dolores quis aliquam laudantium numquam.','1982-07-05 09:42:04');
/*!40000 ALTER TABLE `messages` ENABLE KEYS */;
UNLOCK TABLES;

--
-- Table structure for table `photo_albums`
--

DROP TABLE IF EXISTS `photo_albums`;
/*!40101 SET @saved_cs_client     = @@character_set_client */;
/*!50503 SET character_set_client = utf8mb4 */;
CREATE TABLE `photo_albums` (
  `id` bigint unsigned NOT NULL AUTO_INCREMENT,
  `name` varchar(255) DEFAULT NULL,
  `user_id` bigint unsigned DEFAULT NULL,
  PRIMARY KEY (`id`),
  UNIQUE KEY `id` (`id`),
  KEY `user_id` (`user_id`),
  CONSTRAINT `photo_albums_ibfk_1` FOREIGN KEY (`user_id`) REFERENCES `users` (`id`)
) ENGINE=InnoDB AUTO_INCREMENT=109 DEFAULT CHARSET=utf8mb4 COLLATE=utf8mb4_0900_ai_ci;
/*!40101 SET character_set_client = @saved_cs_client */;

--
-- Dumping data for table `photo_albums`
--

LOCK TABLES `photo_albums` WRITE;
/*!40000 ALTER TABLE `photo_albums` DISABLE KEYS */;
INSERT INTO `photo_albums` VALUES (1,'tempore',181),(2,'animi',183),(3,'aut',184),(4,'consequatur',185),(5,'mollitia',187),(6,'corrupti',188),(7,'odit',189),(8,'sed',190),(9,'consequuntur',191),(10,'eos',195),(11,'dolorum',196),(12,'in',198),(13,'non',199),(14,'quod',200),(15,'sed',201),(16,'nobis',203),(17,'et',204),(18,'optio',205),(19,'veniam',206),(20,'adipisci',207),(21,'et',208),(22,'eaque',210),(23,'id',212),(24,'qui',215),(25,'sunt',216),(26,'nostrum',219),(27,'occaecati',220),(28,'occaecati',222),(29,'ducimus',224),(30,'voluptatibus',226),(31,'et',227),(32,'quam',230),(33,'facere',232),(34,'et',234),(35,'deleniti',235),(36,'quia',237),(37,'rerum',238),(38,'qui',239),(39,'delectus',240),(40,'dolor',242),(41,'itaque',243),(42,'aut',244),(43,'quos',245),(44,'et',248),(45,'maiores',250),(46,'quasi',251),(47,'sed',252),(48,'quibusdam',255),(49,'cupiditate',256),(50,'impedit',259),(51,'et',260),(52,'voluptates',261),(53,'sint',265),(54,'ut',267),(55,'similique',268),(56,'doloremque',269),(57,'sed',271),(58,'culpa',272),(59,'et',273),(60,'ut',274),(61,'quibusdam',275),(62,'eligendi',276),(63,'vel',278),(64,'eos',279),(65,'possimus',280),(66,'consequatur',282),(67,'ratione',283),(68,'ad',284),(69,'incidunt',285),(70,'asperiores',288),(71,'sunt',289),(72,'corrupti',291),(73,'exercitationem',294),(74,'omnis',295),(75,'delectus',297),(76,'voluptas',298),(77,'at',301),(78,'omnis',303),(79,'ut',307),(80,'voluptatem',308),(81,'eum',309),(82,'est',310),(83,'vel',312),(84,'voluptates',313),(85,'voluptates',314),(86,'veniam',315),(87,'suscipit',317),(88,'et',320),(89,'ut',322),(90,'eum',323),(91,'voluptas',325),(92,'omnis',328),(93,'voluptas',330),(94,'et',331),(95,'consectetur',334),(96,'minus',338),(97,'et',339),(98,'quam',340),(99,'odit',342),(100,'commodi',345),(101,'sed',350),(102,'rerum',351),(103,'repudiandae',353),(104,'illo',354),(105,'omnis',356),(106,'adipisci',357),(107,'maiores',358),(108,'suscipit',359);
/*!40000 ALTER TABLE `photo_albums` ENABLE KEYS */;
UNLOCK TABLES;

--
-- Table structure for table `photos`
--

DROP TABLE IF EXISTS `photos`;
/*!40101 SET @saved_cs_client     = @@character_set_client */;
/*!50503 SET character_set_client = utf8mb4 */;
CREATE TABLE `photos` (
  `id` bigint unsigned NOT NULL AUTO_INCREMENT,
  `album_id` bigint unsigned DEFAULT NULL,
  `media_id` bigint unsigned NOT NULL,
  UNIQUE KEY `id` (`id`),
  KEY `album_id` (`album_id`),
  KEY `media_id` (`media_id`),
  CONSTRAINT `photos_ibfk_1` FOREIGN KEY (`album_id`) REFERENCES `photo_albums` (`id`),
  CONSTRAINT `photos_ibfk_2` FOREIGN KEY (`media_id`) REFERENCES `media` (`id`)
) ENGINE=InnoDB AUTO_INCREMENT=109 DEFAULT CHARSET=utf8mb4 COLLATE=utf8mb4_unicode_ci;
/*!40101 SET character_set_client = @saved_cs_client */;

--
-- Dumping data for table `photos`
--

LOCK TABLES `photos` WRITE;
/*!40000 ALTER TABLE `photos` DISABLE KEYS */;
INSERT INTO `photos` VALUES (1,1,1),(2,2,2),(3,3,3),(4,4,4),(5,5,5),(6,6,6),(7,7,7),(8,8,8),(9,9,9),(10,10,10),(11,11,11),(12,12,12),(13,13,13),(14,14,14),(15,15,15),(16,16,16),(17,17,17),(18,18,18),(19,19,19),(20,20,20),(21,21,21),(22,22,22),(23,23,23),(24,24,24),(25,25,25),(26,26,26),(27,27,27),(28,28,28),(29,29,29),(30,30,30),(31,31,31),(32,32,32),(33,33,33),(34,34,34),(35,35,35),(36,36,36),(37,37,37),(38,38,38),(39,39,39),(40,40,40),(41,41,41),(42,42,42),(43,43,43),(44,44,44),(45,45,45),(46,46,46),(47,47,47),(48,48,48),(49,49,49),(50,50,50),(51,51,51),(52,52,52),(53,53,53),(54,54,54),(55,55,55),(56,56,56),(57,57,57),(58,58,58),(59,59,59),(60,60,60),(61,61,61),(62,62,62),(63,63,63),(64,64,64),(65,65,65),(66,66,66),(67,67,67),(68,68,68),(69,69,69),(70,70,70),(71,71,71),(72,72,72),(73,73,73),(74,74,74),(75,75,75),(76,76,76),(77,77,77),(78,78,78),(79,79,79),(80,80,80),(81,81,81),(82,82,82),(83,83,83),(84,84,84),(85,85,85),(86,86,86),(87,87,87),(88,88,88),(89,89,89),(90,90,90),(91,91,91),(92,92,92),(93,93,93),(94,94,94),(95,95,95),(96,96,96),(97,97,97),(98,98,98),(99,99,99),(100,100,100),(101,101,101),(102,102,102),(103,103,103),(104,104,104),(105,105,105),(106,106,106),(107,107,107),(108,108,108);
/*!40000 ALTER TABLE `photos` ENABLE KEYS */;
UNLOCK TABLES;

--
-- Table structure for table `profiles`
--

DROP TABLE IF EXISTS `profiles`;
/*!40101 SET @saved_cs_client     = @@character_set_client */;
/*!50503 SET character_set_client = utf8mb4 */;
CREATE TABLE `profiles` (
  `user_id` bigint unsigned NOT NULL,
  `gender` char(1) CHARACTER SET utf8mb4 COLLATE utf8mb4_unicode_ci DEFAULT NULL,
  `birthday` date DEFAULT NULL,
  `photo_id` bigint unsigned DEFAULT NULL,
  `created_at` datetime DEFAULT CURRENT_TIMESTAMP,
  `hometown` varchar(100) CHARACTER SET utf8mb4 COLLATE utf8mb4_unicode_ci DEFAULT NULL,
  UNIQUE KEY `user_id` (`user_id`),
  CONSTRAINT `fk_user_id` FOREIGN KEY (`user_id`) REFERENCES `users` (`id`) ON UPDATE CASCADE
) ENGINE=InnoDB DEFAULT CHARSET=utf8mb4 COLLATE=utf8mb4_unicode_ci;
/*!40101 SET character_set_client = @saved_cs_client */;

--
-- Dumping data for table `profiles`
--

LOCK TABLES `profiles` WRITE;
/*!40000 ALTER TABLE `profiles` DISABLE KEYS */;
INSERT INTO `profiles` VALUES (181,'1','1993-11-25',1,'1989-02-07 06:02:23','Hanemouth'),(183,'1','1990-04-29',2,'1995-05-05 04:38:24','South Roy'),(184,'2','2001-10-08',3,'1980-04-14 12:26:56','Yadiraland'),(185,'2','1980-12-05',4,'2005-11-09 11:06:01','Steuberfort'),(187,'1','1988-11-30',5,'1988-09-18 03:06:09','South Angieshire'),(188,'1','1990-01-22',6,'2009-11-09 08:57:26','East Lindsayland'),(189,'2','2008-10-18',7,'2004-06-16 18:14:56','East Elvera'),(190,'1','2005-11-30',8,'1993-09-29 18:12:17','Dannyland'),(191,'2','2000-04-09',9,'2017-09-16 07:28:01','Aldenfort'),(195,'2','2000-03-30',10,'2014-07-28 20:55:41','Gaylordborough'),(196,'1','2007-11-18',11,'1977-02-07 06:11:24','East Vicente'),(198,'1','1982-03-14',12,'1987-12-31 15:08:59','East Paulaborough'),(199,'2','1991-08-23',13,'2005-04-15 12:10:48','New Magnusmouth'),(200,'2','1973-06-05',14,'1989-10-16 03:43:50','West Enafort'),(201,'1','1977-01-17',15,'1994-07-02 20:04:35','Dorcasside'),(203,'1','1994-04-22',16,'2010-10-14 17:25:49','Mrazland'),(204,'2','1981-10-09',17,'2006-10-23 13:01:35','New Todmouth'),(205,'1','2002-04-30',18,'2012-04-21 14:42:00','Cleoside'),(206,'2','1970-01-16',19,'1994-08-24 09:18:00','Mrazland'),(207,'2','2013-09-15',20,'1993-01-18 01:10:17','East Violettefort'),(208,'1','2002-10-16',21,'1978-12-11 07:48:52','East Jan'),(210,'1','1973-08-05',22,'1981-04-05 06:03:08','South Joland'),(212,'2','1986-07-27',23,'1985-01-19 11:12:38','East Judge'),(215,'1','2019-06-12',24,'2004-01-12 08:19:12','Port Taliaview'),(216,'1','1977-06-27',25,'1979-09-02 18:40:47','Veronicaport'),(219,'1','1975-07-21',26,'1992-10-22 05:36:27','West Kale'),(220,'1','1979-06-09',27,'1988-01-22 19:21:17','Rogelioland'),(222,'1','1979-12-27',28,'2005-12-01 12:02:34','Liaton'),(224,'1','1997-02-19',29,'1985-04-28 00:21:10','Port Rudyshire'),(226,'2','1981-05-20',30,'2018-03-04 20:41:32','North Roslynborough'),(227,'1','1998-06-06',31,'1995-12-03 13:49:45','South Patricktown'),(230,'1','2005-12-11',32,'1994-09-01 04:05:26','Port Herbert'),(232,'1','1975-09-09',33,'2018-04-14 08:52:40','Jenkinsburgh'),(234,'2','1974-04-12',34,'1973-05-20 05:20:10','Windlershire'),(235,'2','1981-06-16',35,'1981-11-20 18:28:42','North Kayley'),(237,'2','1983-02-25',36,'2020-12-10 12:51:24','Harmonview'),(238,'2','2018-10-03',37,'1980-07-07 14:42:53','Gottliebchester'),(239,'1','2013-06-29',38,'1971-04-14 11:41:41','Ritchiemouth'),(240,'1','2016-07-23',39,'1982-05-05 22:38:24','Port Amelyport'),(242,'1','1999-07-01',40,'1992-07-15 12:20:11','Port Anyashire'),(243,'1','1981-10-30',41,'1994-06-07 01:44:08','Harberville'),(244,'2','2010-02-04',42,'1990-10-31 13:31:44','West Rachaelville'),(245,'1','1998-06-16',43,'1982-12-01 16:57:54','Schimmelmouth'),(248,'2','1988-06-01',44,'1978-11-27 16:23:31','Glenport'),(250,'2','1981-01-06',45,'2017-01-22 05:31:00','New Anahi'),(251,'2','1982-04-27',46,'2003-06-07 17:03:09','Effieberg'),(252,'2','1992-06-10',47,'2012-10-02 05:32:33','Jamisonburgh'),(255,'2','1983-12-22',48,'1981-09-29 16:20:33','New Quintentown'),(256,'2','1971-02-09',49,'1997-04-24 22:32:06','New Carmela'),(259,'2','2017-02-18',50,'1988-11-04 10:44:29','Port Clarabelle'),(260,'1','2003-07-09',51,'2013-08-15 05:31:26','Port Garthfort'),(261,'2','1975-05-19',52,'2010-12-03 19:36:45','West Braden'),(265,'2','2004-04-04',53,'1988-04-11 11:56:31','East Louisa'),(267,'1','2003-06-17',54,'2018-10-03 21:40:31','Bradlyberg'),(268,'2','2006-04-13',55,'1971-12-01 02:35:12','Chadview'),(269,'2','2001-03-04',56,'1971-05-08 16:20:24','Torranceshire'),(271,'2','1998-11-01',57,'1980-01-29 07:00:00','North Cecil'),(272,'1','2004-01-15',58,'1986-04-22 06:10:23','West Marquis'),(273,'1','2018-10-10',59,'1980-02-10 03:57:51','North Elijah'),(274,'1','2015-10-20',60,'1991-04-03 12:19:18','New Ebba'),(275,'1','2016-05-16',61,'1997-05-22 12:10:22','Lake Isadore'),(276,'2','1974-08-14',62,'1999-02-05 05:59:54','Ashtynmouth'),(278,'1','2021-01-02',63,'2001-09-05 16:20:58','Port Richie'),(279,'2','1993-05-23',64,'2012-07-17 17:13:21','Ernestinefurt'),(280,'2','1998-07-03',65,'1981-06-01 12:32:11','Kutchview'),(282,'1','1978-11-13',66,'2013-07-23 16:08:52','Lake Mekhi'),(283,'2','1990-10-16',67,'1985-09-23 14:00:52','Boylebury'),(284,'1','1981-09-30',68,'1983-07-15 21:55:29','Audieburgh'),(285,'2','2015-09-02',69,'1990-01-01 15:18:24','Lake Lauren'),(288,'2','1983-07-02',70,'2012-11-16 05:45:23','North Antwon'),(289,'1','1972-07-18',71,'2003-12-19 08:59:04','Wilbertbury'),(291,'2','2005-03-07',72,'2008-07-30 11:33:58','Lake Jacinthe'),(294,'1','1970-09-24',73,'2002-10-10 01:22:11','New Chelseachester'),(295,'2','1977-05-21',74,'1986-06-10 15:43:49','Bergstromstad'),(297,'1','1971-03-26',75,'2009-03-22 04:49:58','Port Demetris'),(298,'1','2006-09-16',76,'1998-12-01 11:17:08','New Aliberg'),(301,'1','1985-06-29',77,'1999-06-02 08:31:45','Pfefferbury'),(303,'1','2005-09-13',78,'2004-12-30 16:09:28','Lake Cassieborough'),(307,'2','1975-02-16',79,'1976-06-08 19:56:19','Nikolausshire'),(308,'1','1980-12-31',80,'1983-12-10 17:46:34','West Cristobalchester'),(309,'1','2006-10-04',81,'1972-07-01 18:18:09','Hardyberg'),(310,'2','1988-07-13',82,'2017-01-25 10:48:56','Phyllisville'),(312,'2','1985-12-06',83,'1983-10-08 06:34:46','West Jeanie'),(313,'1','1985-02-02',84,'2010-08-20 21:16:18','East Nicholas'),(314,'2','2008-01-01',85,'2004-12-24 21:04:25','Rathville'),(315,'2','2012-11-14',86,'1970-04-09 06:52:44','Port Ashton'),(317,'1','2011-05-06',87,'1973-12-10 08:35:25','Sipesshire'),(320,'1','1974-12-27',88,'1993-11-14 13:59:04','Lake Enos'),(322,'2','2007-02-26',89,'2000-09-22 14:15:39','New Johnbury'),(323,'1','2010-08-17',90,'2006-03-14 21:23:01','Johnstonville'),(325,'2','2005-12-30',91,'1989-03-12 07:58:31','Brisashire'),(328,'2','1970-12-23',92,'1991-06-22 05:27:04','New Rosella'),(330,'2','1987-06-01',93,'1991-04-09 12:38:20','Ornhaven'),(331,'2','1989-12-15',94,'1994-06-24 19:39:53','Lindburgh'),(334,'2','2014-11-04',95,'2018-08-15 21:46:26','New Monserratfurt'),(338,'2','1986-08-19',96,'1979-08-17 10:11:42','Hellerside'),(339,'2','1998-09-09',97,'1995-09-09 12:25:52','North Elaina'),(340,'2','1992-06-25',98,'1990-06-03 19:12:54','Kassulkeshire'),(342,'1','1991-02-18',99,'1983-06-17 00:45:23','Barbaratown'),(345,'2','2011-03-01',100,'1998-06-07 07:44:10','Port Dashawn'),(350,'1','2013-01-18',101,'2000-05-31 04:17:07','Rossfurt'),(351,'2','1986-08-16',102,'1996-06-15 06:31:38','West Desmond'),(353,'2','1995-12-10',103,'1973-12-04 20:26:02','Lake Myrtie'),(354,'2','2001-06-04',104,'1983-02-12 20:01:06','Maciton'),(356,'1','2011-03-21',105,'1989-10-19 14:20:12','Lake Samantha'),(357,'2','1984-08-12',106,'1973-06-12 21:21:48','North Rory'),(358,'1','2004-03-12',107,'2009-10-24 20:44:51','Webershire'),(359,'1','2001-10-04',108,'2019-08-01 09:43:05','Quigleymouth');
/*!40000 ALTER TABLE `profiles` ENABLE KEYS */;
UNLOCK TABLES;

--
-- Table structure for table `users`
--

DROP TABLE IF EXISTS `users`;
/*!40101 SET @saved_cs_client     = @@character_set_client */;
/*!50503 SET character_set_client = utf8mb4 */;
CREATE TABLE `users` (
  `id` bigint unsigned NOT NULL AUTO_INCREMENT,
  `firstname` varchar(50) DEFAULT NULL,
  `lastname` varchar(50) DEFAULT NULL COMMENT '',
  `email` varchar(120) DEFAULT NULL,
  `password_hash` varchar(100) DEFAULT NULL,
  `phone` bigint unsigned DEFAULT NULL,
  PRIMARY KEY (`id`),
  UNIQUE KEY `email` (`email`),
  UNIQUE KEY `phone` (`phone`),
  KEY `users_firstname_lastname_idx` (`firstname`,`lastname`)
) ENGINE=InnoDB AUTO_INCREMENT=360 DEFAULT CHARSET=utf8mb4 COLLATE=utf8mb4_0900_ai_ci COMMENT='';
/*!40101 SET character_set_client = @saved_cs_client */;

--
-- Dumping data for table `users`
--

LOCK TABLES `users` WRITE;
/*!40000 ALTER TABLE `users` DISABLE KEYS */;
INSERT INTO `users` VALUES (181,'Davonte','Nader','shemar.eichmann@example.net','d0138ef33007a85c1f5bff3d03600274ca5eaaa8',0),(183,'Nakia','Quitzon','ford51@example.com','eba028bae8f6e3fdfa075976cdfe4502a7fb4fa0',558),(184,'Eino','Stoltenberg','zcarter@example.net','95f7dd1e3522b3acf2a6ac4778b9196556d588e1',108),(185,'Mireille','Kuhlman','pnitzsche@example.com','79544336623ee564a3cd04c022d40d7429980d8d',2820644151),(187,'Brooks','Koch','adeline10@example.com','e9d1a8e21ef5b9951dc05d83353d529bb9e170b9',883),(188,'Maritza','Hane','ckrajcik@example.net','fa99413a74306394fa22b155f99b6c46d6eb2eb5',1208278513),(189,'Emory','Cronin','humberto71@example.net','3f83c0de707ed7446dcee277211608b8763984b1',3778725240),(190,'Dorris','Bahringer','kylie.beahan@example.org','cc7ba78726e5398a531be629c59e11e4a799c5f2',71),(191,'Shanon','Zieme','ugottlieb@example.com','85690b77c2c7e3791760d2acdbb14a248ea3dded',538179),(195,'Damion','Volkman','pmorar@example.com','b5ca93feb6de6a933533f2d978898ce3ca44e33a',8867286776),(196,'Eula','Wintheiser','maribel18@example.org','d5726d770282d252a0f59f29c83cfda7fb34581a',1),(198,'Golda','Kohler','veum.cecil@example.net','bf8bbbdf738106a6a879939e0d07e372a1bf4c0a',11),(199,'Margot','Kuhlman','jheathcote@example.com','5831e8fdac41ed97bcf567588475df5665f63b80',568),(200,'Alicia','Lubowitz','reynolds.kassandra@example.net','a45cc1c0ac94916e0d2c8e781ef9b1dc8946312b',64974),(201,'Althea','Bradtke','gprohaska@example.net','c34fb32cb8fd0ed3044a586a9b42674bc1839738',917624),(203,'Dennis','Considine','rossie.welch@example.net','a2ec9ee4395a45a8cf88b57afd3cf2e397cf9dee',639),(204,'Waino','Rau','ezra40@example.net','d93f4a6f98ef2d8c9a0742ec4acec93082a9e8ca',713329),(205,'Jeffery','Glover','marcos.mitchell@example.com','7d168ff146ea111b948163a8aeee22e01d6f05ef',172),(206,'Hank','Thiel','cbednar@example.net','636113bc10326fd3520917df6bea1900bdbad9dc',585),(207,'Ila','Heathcote','adrien95@example.com','fe3b245efcf7b75b063f8dcc11680b7791d640dd',5634767766),(208,'Noble','Kozey','sspinka@example.com','8e3dfc3da062d572ed5b50b706de7c7cfdc1f4a0',943236),(210,'Jude','Berge','vebert@example.com','dff64f4c0ed6325a8972a00755f7cf525fd528e3',995),(212,'Kendall','Rau','erath@example.com','66e74ffc5e8bfe57b3afd20a5f34e0c9aa4b3f84',4316630386),(215,'Anika','Haley','hmetz@example.org','ebf5e7b184e489b8d187237ce4c72a1364dc8761',637),(216,'Ally','Gerhold','harvey.joy@example.com','d3be30def8762ee4e0252ee8bae4aaf4f168b914',463),(219,'Bradley','Goodwin','gaston.hessel@example.com','611ed1811e3e186961829fd008759a7ba825349a',55),(220,'Gilberto','Huels','clifford.wolff@example.org','b1223d9d0caafb6aa735ca4153a260ae7dcb9980',57),(222,'Jeanette','Crist','roselyn06@example.com','e7c7a31e34914adce69cb52766fa01b357a26381',889753),(224,'Kelsie','Deckow','reuben.monahan@example.net','946b3327eda33e66262458401dbfb9279d032386',748),(226,'Chaya','Sporer','eino11@example.org','bc13db56be504225ec08c844f2252f97eb2d7b12',126),(227,'Aron','Bruen','paige.moen@example.com','2db68518361bfc5f5b460b8fe706eec775e23d4e',485),(230,'Rowan','Fay','allan.kohler@example.com','b80b9a9891205a45d23bd02bbf8bc3f23428d857',21),(232,'Rubie','Gleason','odessa.prosacco@example.com','bfc867dd0c74211a8525253370bba53246f6393d',65158),(234,'Elna','Klein','jameson96@example.com','2f3652f46529b37c86bf12428f9305919d335c54',294257),(235,'Claudia','Nolan','lvandervort@example.org','fd0643fc0d8a4fed74dc280cc60f9239f3bd412f',80),(237,'Norberto','Franecki','hilpert.myrtie@example.com','9568dbd15c0463d7a4587b304e5c8b573ca24df6',1787307611),(238,'Efren','Torphy','imani25@example.net','91ba50b4205e83acb4d42330dfddf56c5bed004b',419020),(239,'Mason','Ziemann','henriette40@example.org','522a01f32a18275c8592f287049b8565e871d370',824),(240,'Kaitlyn','Mohr','qwilliamson@example.org','e6762d03ddea269476ccc5dc9f30e56db4f04ac4',28),(242,'Alex','Nitzsche','moen.precious@example.net','843b3c9a23cd955587fcf26ce319699124f4dd44',6933355448),(243,'Irving','Kirlin','antonina42@example.net','f130a70443046786263e66dc441ffd5193ad3cfe',647),(244,'Lester','Schowalter','flehner@example.org','9888e76ae874c19c9de7779a0f13b316749911c1',47),(245,'Alford','Johnston','jazmyn26@example.org','a85d99813ee304e88edec491145699c4eecdce30',22),(248,'Zechariah','Weber','sroberts@example.com','9e2a0f55e7e4fcd008053365727a413d5daa4cf9',935),(250,'Connor','Schaden','rashawn.considine@example.net','22bcebdb7e826058cb95dbd4468eb8daa11768e2',58),(251,'David','Hermann','raynor.dario@example.com','a79b2d4f3e556b71f0ce695881d350c859da5e60',1486764261),(252,'Chadrick','Huels','wisozk.scot@example.com','9712816535f0c6e0bd13f549c08359cdaf63c240',83),(255,'Katrine','Treutel','fritz.skiles@example.net','8dfd8f164f2f79ff0de4ed5e1742ebb9f20878c6',397),(256,'Kasey','Schroeder','ozella77@example.org','c0edd2ac2980d4ef7fb1c5553957483eac5370b6',954203169),(259,'Clemens','Nolan','hassan19@example.net','bc872e2b7110a6008fec0889e33f3552c8dd0b65',42),(260,'Amie','Predovic','jakob.ryan@example.org','c97f96c4052d387db7bef7ba1f92a02f91fd52bc',595),(261,'Zechariah','Champlin','bednar.blaze@example.org','d77c1680f32443f0921631f718238af488cf635f',275432672),(265,'Noelia','Donnelly','sherman.hilpert@example.net','363bb266a1baa5d2c2261eef6077c98e8ddba170',8686335740),(267,'Kadin','Sauer','yparker@example.com','b78989275478070e3c68b276f58c998eaa4ba08f',153258),(268,'Hilario','Langworth','tmorar@example.net','201e8424b1f3175e49bbaa7a1cf44d9a7d677285',800),(269,'Efren','Wiza','zblanda@example.net','a6079220aab6bd6741e7dee03dbb6e6534f738f1',5300891698),(271,'Jovani','Powlowski','ckihn@example.com','76be7925b16d1188f3d2ed944c50bd34af8cc583',115),(272,'Abner','Beier','jadon.runolfsdottir@example.com','2447be8e70603eaa5f6984c3c48fceb2b8c6f7e9',89),(273,'Matilda','Champlin','kaci.rempel@example.org','bb26a58be0f4200e8e19e6f121a6519c3cdbcbbc',82),(274,'Cecil','Effertz','felipe05@example.org','2559d60b6943c9334faa6b0f14d42ec24ceb9b9a',789),(275,'Cara','Mann','ustroman@example.org','c38d8d4666c48952bc3a8b5b8267bd1e17dca2d9',281),(276,'Wendell','Braun','verna80@example.net','8e2a4db78d124c8812e824ac36fd267e55c89e04',86),(278,'Georgianna','Turner','emerald74@example.org','5b8a69113e034304fc1869d0dc4f6731c860975d',836037),(279,'Lolita','Trantow','tvolkman@example.com','17b855943f96512ee34adefb4bfc79f688d51a06',618704),(280,'Deangelo','Weissnat','jazmyne68@example.org','67eb90e69fc13c50d8035ef4a07a7e7dad184d99',4777605236),(282,'Jakob','Hirthe','maritza.marvin@example.com','dbd172dfd7ef2b5cf755f970b17079c83160eb9d',758605),(283,'Vada','Hyatt','zachariah.monahan@example.com','6ad8bef49d57f372d24d32de7c81c5c326c9466c',197533),(284,'Garret','Heller','heathcote.ezra@example.net','9c675d2ca2ec973f2ae56d75c9edc3e0cbb9c427',602024),(285,'Stephany','Hane','sleannon@example.com','c9b0f307b230c4a0b0ae7b2d5cc6d9bf72c2dcd2',604),(288,'Jade','Mraz','ostoltenberg@example.com','abe89d1dde4a05da4162b99865be5aa7408ca2ef',979),(289,'Joshua','Bosco','lindgren.alessandro@example.net','de036d7a19034a584cf20b4487e79770293d0655',915),(291,'Shanie','Gislason','ykreiger@example.net','7e9d57216e7fab3913dcbc2f170fbce56ce547c5',2609939583),(294,'Lavina','Schmeler','xcasper@example.org','917bd9091aa9e7119071bb9435f24f01edbaa9bc',772),(295,'Paul','Mohr','sanford.karelle@example.net','d18706cf18399c32c0a0d2ecad7b1c13cf1965dc',81),(297,'Catharine','Torp','einar69@example.com','835e354d3471375d7b96701f38254a23f1869ea6',417),(298,'Alice','Harber','theresia51@example.com','e7cec0a6a3cb62fbd3693053279f71e64d6f286a',978618),(301,'Toy','Moore','harber.gordon@example.org','5d0fd4aae5b85cb507b90d430768c22dd5ce1702',5072383025),(303,'Camilla','Goldner','xcassin@example.org','5e85a81c2864eff39be425b7f0dd7d1f837a9d2c',648),(307,'Aglae','Murphy','maud.towne@example.net','fb9920eb92e337ac7a082f2e8771711f22586807',27),(308,'Domingo','Hoeger','qdach@example.net','ef031c78e65b7442638d5d3f7d031b1d175f4835',376859),(309,'Isac','Rath','bins.gaetano@example.org','e34a62aa345b50be85c67af8a27804ba4c9fed59',5707367096),(310,'Lexie','Bosco','fredrick62@example.org','28a3ae6be9bee90ac413a08741e518502a5c548d',961),(312,'Antonetta','Bins','sondricka@example.net','c4fff88c85e68381c0ef0cbd1d766528557d6330',4115917491),(313,'Annamarie','Mraz','brown.neil@example.net','02f09bf6ca9aa4a5b5ca1fde54e523953ca37dd5',437),(314,'Chadrick','Hessel','mina67@example.com','9449e59db3510ccc5ce6b25708f6045472e49219',200),(315,'Damion','Haag','rafaela75@example.org','92b9a747265e54c1f8a2b5ee97df35d87a8d4a69',263198),(317,'Jarrod','Lind','reinhold45@example.com','3975d5b1dc7bdd0ac5c473ccb7bee38e2851427b',787276),(320,'Opal','Predovic','writchie@example.com','26e745f26dd1123fcf08a4e6d198191acc7e2d04',26),(322,'Vinnie','Gerhold','gia94@example.com','3dd299bdf58df8b766b719dcc51b183560e9bfc2',96),(323,'Boris','Erdman','lionel31@example.org','b6f8bf3a5fc6121f2cb30adee065f37586e68e1f',147),(325,'Jerel','Abbott','barton.ollie@example.org','cfe4a23d1c3a27d11953c05f6bc9bda3e3fb2f7c',725),(328,'Nikolas','Goyette','tillman.yvette@example.com','db7a45de8d5e3fd35dbbed613f3ea00e7d85b4ba',7520466577),(330,'Nicole','Wiegand','isabelle02@example.org','7ea38f6f22a768cc579b69c8bf420f2ac38867db',97),(331,'Lonny','Wiegand','bernhard.lucie@example.net','60453b0c81171020e8989138055b3c1e57cf92b6',212),(334,'Mortimer','Funk','ykonopelski@example.com','5920cd3a4cee28c2edd4b171a39a8f7f6cd096b1',866218),(338,'Kaylin','Sauer','simonis.savannah@example.com','d2b289892929320998e9fb850a14ae020a040b35',69),(339,'Zola','Mayer','laurianne12@example.com','0184ab085188b8a6edf2d884b3d6a4ed0c5d4c70',61),(340,'Abner','Hansen','mshields@example.com','e6b4c23798097b4b2eebeadc3ea43140253c3945',422),(342,'Aurore','Rippin','martina.rolfson@example.com','1622e968e8c4d616a76a2702b284f832669fe092',865870),(345,'Sasha','Bradtke','vickie09@example.com','5890d2eb5433891b75072caa4997dc0d6dc5a098',367),(350,'Cristopher','Funk','mueller.amy@example.org','39dd3d2424927eb44409d6734879d14547a6ded8',837912),(351,'Ernie','Schinner','josefina.heathcote@example.net','95eb76e6a623105148ab863af06c5b7af11fecf6',251953),(353,'Mattie','Jaskolski','rebeca.stark@example.org','7599f8821a2739527ba4a5630930c36901e16ad0',380943),(354,'Harrison','Ullrich','franz35@example.net','b31d689b295a879b9e747e5e28be59609351f8d1',199698),(356,'Scarlett','McClure','labadie.zula@example.org','b15293e89d86d7df726710035d89ae1d2ca1f8fd',289),(357,'Austen','Hilll','qprosacco@example.com','2256086118b8ef0c44fdc18bad39aa0fd781bad6',9380181775),(358,'Adriel','Grimes','monique52@example.org','56e1de17bb0f754498baf3dc8ed1601e7c8d11e8',37),(359,'Ross','O\'Conner','zmarks@example.org','d0241fa447024f0cffdea6da431b038accc783da',8617736622);
/*!40000 ALTER TABLE `users` ENABLE KEYS */;
UNLOCK TABLES;

--
-- Table structure for table `users_communities`
--

DROP TABLE IF EXISTS `users_communities`;
/*!40101 SET @saved_cs_client     = @@character_set_client */;
/*!50503 SET character_set_client = utf8mb4 */;
CREATE TABLE `users_communities` (
  `user_id` bigint unsigned NOT NULL,
  `community_id` bigint unsigned NOT NULL,
  PRIMARY KEY (`user_id`,`community_id`),
  KEY `community_id` (`community_id`),
  CONSTRAINT `users_communities_ibfk_1` FOREIGN KEY (`user_id`) REFERENCES `users` (`id`),
  CONSTRAINT `users_communities_ibfk_2` FOREIGN KEY (`community_id`) REFERENCES `communities` (`id`)
) ENGINE=InnoDB DEFAULT CHARSET=utf8mb4 COLLATE=utf8mb4_unicode_ci;
/*!40101 SET character_set_client = @saved_cs_client */;

--
-- Dumping data for table `users_communities`
--

LOCK TABLES `users_communities` WRITE;
/*!40000 ALTER TABLE `users_communities` DISABLE KEYS */;
INSERT INTO `users_communities` VALUES (181,221),(359,221),(183,223),(184,228),(185,229),(187,230),(188,231),(189,232),(190,234),(191,235),(195,236),(196,237),(198,242),(199,244),(200,246),(201,248),(203,250),(204,251),(205,256),(206,257),(207,258),(208,259),(210,262),(212,263),(215,264),(216,266),(219,267),(220,274),(222,278),(224,279),(226,281),(227,283),(230,285),(232,287),(234,288),(235,289),(237,290),(238,291),(239,294),(240,295),(242,296),(243,297),(244,298),(245,300),(248,304),(250,305),(251,307),(252,308),(255,309),(256,311),(259,314),(260,316),(261,317),(265,320),(267,321),(268,322),(269,323),(271,326),(272,329),(273,330),(274,331),(275,334),(276,336),(278,337),(279,339),(280,340),(282,341),(283,346),(284,347),(285,349),(288,350),(289,354),(291,356),(294,357),(295,358),(297,361),(298,369),(301,372),(303,373),(307,375),(308,380),(309,388),(310,389),(312,390),(313,393),(314,396),(315,399),(317,400),(320,401),(322,405),(323,409),(325,410),(328,411),(330,414),(331,416),(334,417),(338,418),(339,422),(340,425),(342,426),(345,428),(350,429),(351,431),(353,435),(354,436),(356,437),(357,439),(358,440);
/*!40000 ALTER TABLE `users_communities` ENABLE KEYS */;
UNLOCK TABLES;
/*!40103 SET TIME_ZONE=@OLD_TIME_ZONE */;

/*!40101 SET SQL_MODE=@OLD_SQL_MODE */;
/*!40014 SET FOREIGN_KEY_CHECKS=@OLD_FOREIGN_KEY_CHECKS */;
/*!40014 SET UNIQUE_CHECKS=@OLD_UNIQUE_CHECKS */;
/*!40101 SET CHARACTER_SET_CLIENT=@OLD_CHARACTER_SET_CLIENT */;
/*!40101 SET CHARACTER_SET_RESULTS=@OLD_CHARACTER_SET_RESULTS */;
/*!40101 SET COLLATION_CONNECTION=@OLD_COLLATION_CONNECTION */;
/*!40111 SET SQL_NOTES=@OLD_SQL_NOTES */;

-- Dump completed on 2021-03-14  0:17:33
